id,sourceId,title,author,difficulty,popularity,about,startRow,startCol,startDirection,allowedCommands,slotsPerFunction,rows
catalog-195,195,Another speed control,evko,3,158,,11,0,right,1,"[7, 4, 4, 0, 0]","["" bbbbbbbbbbb"", "" b         b"", "" b bbbbbbb b"", "" b b     b b"", "" b b bbb b b"", "" b b B b b b"", "" b b   b b b"", "" b bbbbb b b"", "" b       b b"", "" bbbbbbbbb b"", ""           b"", ""bbbbbbbbbbbr""]"
catalog-53,53,Branches,igoro,4,135,,10,1,right,0,"[5, 5, 5, 0, 0]","[""         G    "", ""Grbbbbbbbr    "", "" b       b    "", "" G    G  b    "", ""      b  b    "", ""   Gbbr  b  G "", ""      b  b Gr "", ""   G  b  b  b "", ""   b  b  b  b "", ""   b  b  b  b "", "" bbrbbrbbrbbrG""]"
catalog-654,654,Linked List,snydej,4,131,,1,0,right,0,"[5, 5, 5, 5, 0]","[""R             "", ""gBBBG         "", ""GBBBBBG       "", ""G             "", ""GBG           "", ""G             "", ""GBBBBBBBBG    "", ""G             "", ""GBBBBBBBBBBBBB"", ""GBBBBBBBBBBG  "", ""GBBBBBBBG     "", ""GBBBBBBBBBG   ""]"
catalog-189,189,Cherry Picking,recursive,4,130,Avoid the pits! ... such a great pun ...,11,0,up,0,"[5, 6, 8, 3, 0]","[""GGGGGGGGGGGGGGGG"", ""bbbbbbbbBbbbbbbb"", ""bbbBbBbb bbbbBbb"", ""bbb b bbRbBbb bb"", ""bBbRbRBbbb bBRbb"", ""b bbBb bbBRb bbb"", ""bRbb bRbb bbRbBb"", ""bbBbRbbbbRbBbb b"", ""bb bbbBbbbb bbRb"", ""bbRbbb bbbbRbbbb"", ""bbbbbbRbbbbbbbbb"", ""bBBBBBBBBBBBBBBB""]"
catalog-162,162,"""960"" on blue",evko,4,120,,0,0,right,0,"[5, 4, 3, 3, 0]","[""gggbgrgggrgrggr"", ""ggggggggggggggg"", ""bggggggggrggggg"", ""ggggggggggggggg"", ""bggbgrggggggggr"", ""           b   "", ""BBBBbBBBBBbBBBB"", ""BbbBbBbbbbbBbbB"", ""BBBBbBBBBBbBbbB"", ""bbbBbBbbbBbBbbB"", ""BBBBbBBBBBbBBBB""]"
catalog-328,328,Replication Engine,snydej,4,120,,10,1,right,5,"[4, 10, 5, 3, 0]","["" GGGGGGGGGGGGGGG"", "" B   G   G   G  "", "" B   G   G   G  "", ""RBR GGG GGG GGG "", ""BRR GGG GGG GGG "", ""B   G   G   G   "", ""BRR GGG GGG GGG "", ""RBR GGG GGG GGG "", ""BRR GGG GGG GGG "", ""B   G   G   G   "", ""BgR GGG GGG GGG "", ""RBR GGG GGG GGG ""]"
catalog-212,212,Parity Checker II,snydej,3,111,a little harder than the first,0,0,right,0,"[7, 9, 7, 0, 0]","[""rbbbrrbrrbbbrbbb"", ""bbbbrbbGbrbrbbbr"", ""brbbrrbGbGbbrbbr"", ""brrbrbr bGbbGrbr"", ""bbrbbrb r br rrb"", ""bbrbbrr b bb rGr"", ""bbGbGrb r bG bGr"", ""bbGb br G b  b r"", ""GG b Gb G b  r b"", ""G  G Gr   G  G r"", ""      b        G"", ""      G        G""]"
catalog-500,500,Movable paint,rainault,3,333,,9,4,right,6,"[3, 4, 0, 0, 0]","[""   B    "", ""   b    "", ""gbbg    "", ""bgbbbbbg"", ""bb b   b"", ""gbbgbgbb"", "" gbb b b"", ""   gbbbg"", ""     b  "", ""    bg  ""]"
catalog-392,392,2-Bit Instructions,shahbawany,3,327,,6,7,right,0,"[4, 3, 5, 0, 0]","[""rgbbbbbbbbbbbr"", ""b            g"", ""b         g  b"", ""b rgbgbgg g  b"", ""b b  r    b  b"", ""b b  b    b  b"", ""b r  b bbgr  b"", ""bBg  b    b  b"", ""b    b    g  b"", ""b    b    rbgr"", ""g    b        "", ""rbbbgr        ""]"
catalog-352,352,Both Directions,snydej,4,108,Only 2 stars to collect; it can't be that hard.,3,7,up,0,"[5, 6, 0, 0, 0]","[""    rbbbbbbbbbr"", ""    b         b"", ""    b  rbbr B b"", ""rbr b  g  b rbr"", ""b B rbbr  b    "", ""b         b    "", ""rbbbbbbbbbr    ""]"
catalog-676,676,Linked List II,snydej,4,107,Visit the rows in order of increasing red tiles,8,12,left,0,"[5, 5, 5, 5, 5]","[""r               "", ""GBRRRRRRRRRRRRRR"", ""GBBBBBBBBBBRRRR "", ""GBRRRRRRRRRR    "", ""GBBBBBBBRRRRRRR "", ""GBBBBRRRRRR     "", ""GBBBRRRRRRRRR   "", ""GBBBBBBRRRRRRRR "", ""GBBBBBBBBBBBr   "", ""GBBRRR          "", ""GBBBBBRRRRR     "", ""GBBBBBBBBBRR    ""]"
catalog-109,109,Second kind of memory,evko,3,313,Shortest demo for stack-based memory,5,0,right,0,"[5, 0, 0, 0, 0]","[""           bbbbb"", ""           b   b"", ""           b B b"", ""           bbb b"", ""               b"", ""grgrggrgggrggggb""]"
catalog-305,305,Follow directions,snydej,3,103,The bottom row tells the robot the colors on which it should turn.,10,0,right,0,"[4, 5, 5, 0, 0]","["" GBBR           "", ""    G       GRBR"", ""    B       B  G"", ""    B     GBBG B"", ""    B     G RR B"", ""    G     G    B"", ""GRBRBRRBBBBRBR G"", ""G   G     B  G B"", ""RRRBG     RGGR G"", ""               G"", ""bGRGRGRRRGGRRGRB""]"
catalog-85,85,Less or more?,igoro,3,205,,0,15,down,0,"[5, 5, 5, 0, 0]","[""brgggb brggb   b"", ""g    r g   r   g"", ""g    r g   g   r"", ""g    g g   g   r"", ""r    g g   g   r"", ""bggG g g   brrgb"", ""     g r        "", ""bgggrb bggrrrrrb"", ""r              g"", ""r              r"", ""g              r"", ""brrrrrrrrrrggggb""]"
catalog-188,188,Cut in half,igoro,3,490,,6,10,up,0,"[3, 6, 0, 0, 0]","[""      r        "", ""      b        "", ""      b        "", ""      b        "", ""      bB  r    "", ""      b   bbbbr"", ""      b   b b  "", ""      b     b  "", ""rbbbbbbbbbbbb  "", ""            b  "", ""            b  "", ""            r  ""]"
catalog-213,213,Can you count in binary?,snydej,4,96,binary counting without painting,11,0,up,0,"[10, 10, 10, 5, 5]","[""       G        "", ""       GG       "", ""       GGG      "", ""       GGG   G  "", ""   G   GGG   GG "", ""  GGG  GGGG  GG "", "" GGGGG GGGG GGGG"", ""GGGGGGGGGGGGGGGG"", ""bbbbbbbrrrbbbrbb"", ""bbrrrbbrrbrbbbrb"", ""brbrbrbrbrbbrbrr"", ""gggggggggggggggg""]"
catalog-558,558,8 ways,willbir,3,189,,10,6,right,0,"[10, 10, 10, 0, 0]","[""   bbb B bbbb   "", ""   bGBBBBBRGb   "", ""  bRbb B  bbBb  "", ""bbBbbbbB  bbbRbb"", ""bGbbGRBBBBBGbbGb"", ""bRbbBbbBb bRbbBb"", ""bB bRbbRbbbBbbRb"", "" B bGbbGBBRGbbGb"", "" BbBbbbbbbbbbBbb"", ""bBRb bbb  bbRb  "", ""bGb  bgRBBBGb   "", ""bbb  bbb  bbb   ""]"
catalog-97,97,Smart lemma,evko,4,91,"clear math, no hacker's features :)",9,0,right,0,"[3, 4, 4, 4, 0]","[""BbbbbbbbbB"", ""b        b"", ""bGgggggG b"", ""bg     g b"", ""bgRrrR g b"", ""bgr  r g b"", ""bgr  r g b"", ""brRrrR g b"", ""gggggggG b"", ""bbbbbbbbbB""]"
catalog-36,36,Explore the world,igoro,4,88,"It's small... and you have the ""Fast"" button",6,0,right,0,"[10, 5, 0, 0, 0]","[""RRR RR "", ""BBBRBBR"", ""BBBBBBR"", ""BR  RR "", ""BR  BBR"", ""BBRRBBR"", ""bBBBBBR""]"
catalog-354,354,Both Directions 0,snydej,3,264,The prelude to Both Directions,0,7,right,0,"[5, 3, 0, 0, 0]","[""BbbbbbbrbbbbbbB""]"
catalog-329,329,Layered Sheets,snydej,4,79,,5,10,up,4,"[4, 10, 10, 0, 0]","[""RRRRR GGGGGGGGGG"", ""G G G G        G"", ""G G G G GGGGGG G"", ""G G G G G    G G"", ""G G G G G BB G G"", ""G G G G G gG G G"", ""G G G      G G G"", ""G G BGGGGGGB G G"", ""G G          G G"", ""G GGGGGGGGGGGG G"", ""G              G"", ""GGGGGGGGGGGGGGGG""]"
catalog-318,318,Arithmetic,esef,3,230,Count red bricks,11,0,right,0,"[10, 10, 10, 0, 0]","[""bbgbbbbrbbbbbbb"", ""r             b"", ""b bbbgrbbbbrb b"", ""b r         g b"", ""b b bbbgrrb b b"", ""r g B     g b g"", ""g b       b b r"", ""b brbrbgbbb b r"", ""b           b r"", ""brrrrrgbbbbbb r"", ""              b"", ""brbrbbrbbbgbbbb""]"
catalog-310,310,Very Early Warning,snydej,4,75,"""And after that make another right""",4,14,left,0,"[5, 5, 5, 5, 0]","[""    RBG GBBBBBG"", ""    B B B     B"", ""    B B B RBBBR"", "" RBBR B B B    "", "" B    B B RBBBg"", "" B RBBR B      "", "" B B    B RBG  "", "" B RBBBBG B B  "", "" B        B GBR"", "" GBBBBBBBBG   B"", ""              B"", ""BBBBBBBBBBBBBBR""]"
catalog-241,241,Resonance 2,esef,3,74,With bugfixes,4,10,right,0,"[4, 8, 0, 0, 0]","[""Bbbbbbbbbbbbbbbr"", ""      Bbbbbbbbrg"", ""         Bbbbrg "", ""          Bbrg  "", ""          brg   ""]"
catalog-401,401,Color Changing,shahbawany,3,296,Toggle at junctions,9,2,right,7,"[6, 4, 0, 0, 0]","[""GBBGBBGBBGBBR"", ""Bb B bBbbB  B"", ""B  B  B  Bb B"", ""GBBRBBRBBRBBG"", ""            B"", ""            B"", ""GBBRBBRBBRBBR"", ""Bb B bBbbB  B"", ""Bb Bb Bb B bB"", ""GBbGBBGBBGBBR""]"
catalog-80,80,"RRB, RRG",igoro,2,422,,9,0,right,0,"[3, 3, 3, 0, 0]","[""gggggggggggrrg"", ""r            r"", ""r            r"", ""b  brrbbbbbbbg"", ""b  B          "", ""b             "", ""grrgrbrgrbggb "", ""            r "", ""            r "", ""bbggbbggbbrrb ""]"
catalog-34,34,Don't fall off the spiral,igoro,3,277,,6,6,right,0,"[5, 5, 0, 0, 0]","[""rbbbbbbbbbbr"", ""r          r"", ""r rbbbbbbr r"", ""r r      r r"", ""r r rbbr r r"", ""r r r  r r r"", ""r r r br r r"", ""r r r    r r"", ""r r rbbbbr r"", ""r r        r"", ""R rbbbbbbbbr""]"
catalog-335,335,Key mechanism,andos,3,69,"It's how you ""handle"" it that matters.",2,7,right,4,"[4, 7, 6, 2, 0]","[""           bbb "", ""          b   b"", ""bbbbbbbgbRbRbbR"", ""R  R R    b   b"", ""r  r r     bbb ""]"
catalog-346,346,Tree II,snydej,4,137,,0,7,down,0,"[10, 10, 10, 0, 0]","[""       g        "", ""       B        "", ""   GBBBBBBG     "", ""   B      B     "", "" GBBBBG RBBBG   "", "" B    B     B   "", ""RBBG RBBG RBBG  "", ""   B    B    B  "", "" GBBBR GBR GBBBR"", "" B     B   B    "", ""RBR RBBBR RBBBBR""]"
catalog-56,56,Turn on red ;-),igoro,2,266,,10,0,right,0,"[5, 5, 0, 0, 0]","[""rbbbbbbbbbgr"", ""b          g"", ""r          b"", ""b rgrbrbr  b"", ""b g     b  r"", ""g rbbbB b  b"", ""b       g  b"", ""rbbbbbbgr  r"", ""           b"", ""           b"", ""bbbbrbbbrbgr""]"
catalog-145,145,Speed control,evko,4,65,,8,0,up,0,"[3, 3, 3, 0, 0]","[""gggggggggg"", ""g        g"", ""g RggggR R"", ""g gRggRg g"", ""g ggRRgg g"", ""g ggRgRg g"", ""R gRgggR g"", ""g g      g"", ""g ggggggRg""]"
catalog-191,191,Reversed instructions,igoro,3,189,"Read instructions in reversed order, and then carry them out.",0,0,right,0,"[4, 4, 4, 0, 0]","[""gbrbrrbbrbbrrbg"", ""              g"", ""            ggg"", ""            g  "", ""            ggg"", ""              g"", ""        ggg ggg"", ""        g g g  "", ""      ggg ggg  "", ""      g        "", ""      G        ""]"
catalog-567,567,Linked Rings,markbyers,3,126,,0,0,right,0,"[5, 5, 5, 5, 0]","[""rbbR            "", ""b  b    RbbbbR  "", ""b RgbbR b    b  "", ""RbgR  b b  RbgbR"", ""  b RbgbgR b b b"", ""  b b b RgbgbR b"", ""  RbgbR  b b   b"", ""    b    b b   b"", ""RbbbgbR  b b   b"", ""b   b b  b RbbbR"", ""RbbbgbR  b      "", ""    RbbbbR      ""]"
catalog-2259,2259,The way back,igoro,2,63,Make sure you will find it!,7,7,right,3,"[4, 3, 3, 0, 0]","[""  RR   GbbbbbbB"", ""  GGG  b       "", ""  GbG  b GbbbbG"", ""   b   b b    b"", ""GbbR GbR b    b"", ""b    b   b    b"", ""GbbR b   GR   b"", ""   b GbbbbR   b"", "" GbR          b"", "" b   RbR      b"", "" b   b b RbbbbG"", "" GbbbG GbG     ""]"
catalog-249,249,straying from the path,wallacoloo,3,249,,0,0,right,0,"[5, 5, 5, 5, 0]","[""bbgbgbbgbgbgbgbB"", ""  b b  b b bRbR "", ""  G b  b b bRRR "", ""    b  b b b    "", "" Gbbr  b b b    "", ""     G b b b    "", ""rbbr b b b b    "", ""brrb rbr b b    "", ""bbbb b b b b    "", ""bbGb rbbbr b    "", ""brbr   G   b    "", ""rbbbbbbbbbbr    ""]"
catalog-257,257,Winding Path,snydej,5,62,,10,0,right,0,"[10, 10, 5, 5, 0]","[""        ggg     "", ""        g g     "", ""        g g ggg "", ""        g g g g "", ""ggg     g g g g "", ""g g     r g g g "", ""g g ggg r g r g "", ""r g g g r g r g "", ""r g r g r g r g "", ""r g r g r g r g "", ""g ggg ggg ggg gG""]"
catalog-236,236,Getting directions...,wallacoloo,3,123,...can be confusing.,5,7,right,4,"[10, 5, 5, 0, 0]","["" B        b  b "", ""BrB      brbGrb"", "" B        G  b "", "" b        b  b "", "" b  b    brb b "", ""brbGrb bbrGbbrb"", "" G  G    bb  G "", ""brbbrbbbbgrb b "", "" b  b     b  G "", ""            brb"", ""             b ""]"
catalog-597,597,Cumulative Effect,chief,4,122,,6,0,right,0,"[4, 2, 3, 3, 0]","[""   B BgB      "", ""   b b g      "", ""   r b r   BgB"", ""   g b g   r r"", ""   b b BgggB r"", ""   b b       r"", ""bbbbbbbbgrrB b"", ""   b g     b b"", ""   b BrrgB g b"", ""   b     r BgB"", ""   BrrrrrB    ""]"
catalog-555,555,The green mile,rilo,3,730,"""Walkin' the mile, walkin' the mile...""",0,11,left,0,"[4, 4, 0, 0, 0]","[""GBBBBBBBBBBb"", ""BGbbbbbbbBB "", ""BbGbbbbbBbB "", ""BbbGbbbBbbB "", ""BbbbGbBbbbB "", ""BbbbbGbbbbB "", ""BbbbbGbbbbB "", ""BbbbBbGbbbB "", ""BbbBbbbGbbB "", ""BbBbbbbbGbB "", ""BBbbbbbbbGB "", ""BBBBBBBBBBG ""]"
catalog-192,192,Bridge Finder,recursive,4,118,Remember... get the star.,5,0,right,1,"[10, 5, 5, 0, 0]","[""b b b b b b b b "", ""b b ggb b b b b "", ""b b b b b b b b "", ""b b b ggb ggb b "", ""b b b b b b b gG"", ""b ggb b b b b b "", ""b b b b ggb b b "", ""b b b b b b ggb "", ""ggb b b b b b b "", ""b b b b b b b b "", ""b b b b b b b b "", ""b b b b b b b b ""]"
catalog-492,492,Recursive turning,rainault,3,291,What the HECK are those red tiles for? Something about turning left... or not...,11,2,up,0,"[2, 5, 0, 0, 0]","[""     BbRbbbbbB  "", ""     b b     b  "", ""GbbbbRbB   BbRbB"", ""     b b   b b b"", ""     BbB   BbBbR"", ""BbB  BbB       b"", ""b b  b b       b"", ""BbRbbRbB     BbB"", ""  b  b       b b"", ""  b  BbRbbbbbRbB"", ""  b          b b"", ""  g          BbB""]"
catalog-203,203,Just rectangles,igoro,3,58,,6,8,right,1,"[10, 10, 2, 0, 0]","[""RbbbbB RbbbbR "", ""b    b b    b "", ""b    b b    b "", ""b    b b    b "", ""b    b bbbbbB "", ""Rbbbbbbb      "", ""      bbbbbbbR"", ""  Bbbbb b    b"", ""  b   b b    b"", ""  b   b BbbbbR"", ""  RbbbR       ""]"
catalog-1548,1548,Wiggle & Crawl,kraker,2,56,Two basic techniques,10,0,up,0,"[6, 0, 0, 0, 0]","[""   gbbbbg  gbbbg"", ""   gR  Rg  gR  b"", ""   gR  Rg  gR  b"", ""   gR  Rg  gR  b"", ""   gR  Rg  gR  b"", ""   gR  Rg  gR  b"", ""   gR  Rg  gR  b"", ""   gR  Rg  gR  b"", ""   gR  Rg  gR  b"", ""   gR  Rg  gR  b"", ""bbbbR  RbbbbR  R""]"
catalog-309,309,Early Warning,snydej,3,496,"""Turn right when you get up there.""",11,0,up,0,"[5, 5, 0, 0, 0]","[""GBBBBBBBBBBBG B"", ""B           B B"", ""GBBBBBBBG   B B"", ""        B   B B"", ""  RBR   B   B B"", ""  B B GBBBG B B"", ""  B B B B B B B"", ""RBBBR B RBG B B"", ""B B   B     B B"", ""B RBBBG RBBBR B"", ""B       B     B"", ""g       RBBBBBR""]"
catalog-511,511,Up then Down,ajji,3,606,,6,2,up,0,"[10, 0, 0, 0, 0]","[""      bbb"", ""     brrb"", ""    brr b"", ""   brr  b"", ""  brr   b"", "" brr    b"", ""bbr     B""]"
catalog-177,177,K,evko,3,55,,6,0,right,6,"[6, 0, 0, 0, 0]","[""GBBBBBG"", ""GBBBBGB"", ""GBBBGBB"", ""GBBGBBB"", ""GBGBBBB"", ""GGBBBBB"", ""rGGBBBB"", ""RBBGGBB"", ""RBBBBGG""]"
catalog-2848,2848,Pendant Defect,benjaminrr,2,55,,6,6,right,1,"[5, 0, 0, 0, 0]","[""     GG      "", ""    GbbG     "", ""    GbbG     "", ""     GG      "", "" GG  GG   GG "", ""GbbGGbbGGGbbG"", ""GbbGGbbGGGbbG"", "" GG  GG   GG "", ""     GG      "", ""    GbbG     "", ""    GbbG     "", ""     GG      ""]"
catalog-532,532,Spirelli,rilo,3,960,,0,0,right,0,"[6, 0, 0, 0, 0]","[""bbbbbbBbbbbbbbgr"", ""               b"", ""bbbbbBbbbbbbgr b"", ""r            b b"", ""b rbbbBbbbrg B b"", ""b g        B b B"", ""B B B      g b b"", ""b b bgbbBbbr b b"", ""b b          g b"", ""b grbbbbbBbbbr b"", ""b              g"", ""rgbbbbbbBbbbbbbr""]"
catalog-765,765,Rainbow Spiral,markbyers,2,52,,0,0,right,0,"[5, 5, 5, 0, 0]","[""rrrrggbbrrgggggr"", ""               r"", ""rrrgbbbbbrgbbg r"", ""g            g g"", ""r bbrggbrggr g g"", ""r r        g b g"", ""r r B      b b b"", ""r r brrbbggg b b"", ""b r          r b"", ""g rgrbbbbbggrb r"", ""g              r"", ""gbbbbbggrrrrbbbb""]"
catalog-178,178,Right Experiment,evko,3,103,,6,6,right,7,"[5, 0, 0, 0, 0]","[""    GbGGbG    "", ""    b bb b    "", ""GbbGGbbbbGGbbG"", ""bGbG  bb  GbGb"", ""bb b  bb  b bb"", ""GGbbbbrrbbbbGG"", ""GGbbbbrrbbbbGG"", ""bb b  bb  b bb"", ""bGbG  bb  GbGb"", ""GbbGGbbbbGGbbG"", ""    b bb b    "", ""    GbGGbG    ""]"
catalog-571,571,Bumbling Bee,thenick22,2,1902,Buzzed.,1,0,right,1,"[5, 0, 0, 0, 0]","[""    GG GG GG GG "", ""bbbbbGbbGbbGbbGB"", ""    GG GG GG GG ""]"
catalog-617,617,Turn around 3,wallacoloo,3,51,Clearly inspired by Mark Byers' puzzle,0,2,left,0,"[2, 10, 0, 0, 0]","[""  bbbbbbRbbbbbb"", ""              b"", ""bbRbbbRbb     b"", ""b   b   b     b"", ""b bbRbb b     R"", ""b R b R R     b"", ""R bRbRb b bRb b"", ""b       b R b b"", ""b BbbRbbb bbRbb"", ""b           b  "", ""bbbbbbRbbbbbb  ""]"
catalog-4899,4899,My first maze,kordalia,2,51,A simple maze,5,7,right,7,"[5, 3, 0, 0, 0]","[""rbbbbr   rbbbbr"", ""b    b   b    b"", ""rbbbbbbb b    b"", ""     b B b    b"", ""     b   b    b"", ""   bbr bbbbbbbr"", ""   b     b     "", "" rbbbbbbbb     "", "" b b           "", "" b bbgbbbbbbbbr"", "" b            b"", "" rbbbbbbbbbbbbr""]"
catalog-1848,1848,Symmetry :),lendesg,3,50,kind of symmetry,0,0,right,0,"[6, 0, 0, 0, 0]","[""gggggr "", ""  rgggr"", ""  g  gg"", ""  g  gg"", ""  rggrg"", ""Bgggggr"", ""B      "", ""BBBBBB "", ""BB  BB "", ""BB  BB "", ""BBBBBB "", ""BBBBB  ""]"
catalog-444,444,Not yet... not yet...,markbyers,3,599,,0,0,right,0,"[5, 5, 0, 0, 0]","[""rbbbrbbbbbrbbbbr"", ""               b"", ""rbrbbbbrbbbbbr b"", ""b            b b"", ""b rbrrbbbbbr r b"", ""b b        r r r"", ""b r B      r b b"", ""b b rbrbbrbr b b"", ""b r          b b"", ""r rbbbbrrbbbbr b"", ""r              r"", ""rbbbbrbbbbbrbbbr""]"
catalog-1085,1085,"Red Light, Green Light",beaza,2,49,,11,0,up,0,"[4, 4, 4, 0, 0]","[""bbbbbbbbbbbbbbb"", ""g g g g g g g g"", ""b b b b b b b b"", ""b b b b b b b b"", ""b b b b b b b b"", ""b b b b b b b b"", ""b b b b b b b b"", ""b b b b b b b b"", ""b b b b b b b b"", ""b b b b b b b b"", ""b b b b b b b b"", ""r R R R R R R R""]"
catalog-1147,1147,Overlapping Crosses,markbyers,3,49,,3,0,right,0,"[5, 5, 5, 0, 0]","[""       b   B    "", ""  B    b  brb   "", ""  b    b   g    "", ""bbrbgbbrbbgrb   "", ""  b    b   b    "", ""  B    b    b   "", ""   b   g    b   "", ""   b   b    b   "", "" bbrbgbrbgbbrbbb"", ""   b   b    b   "", ""   b   b    b   "", ""            b   ""]"
catalog-244,244,Waveform,recursive,3,188,,5,0,right,0,"[8, 6, 6, 0, 0]","[""    R   R   R   "", ""   Rb R b R b  R"", "" R bb bRb b bR b"", "" bRbbRbbb bRbb b"", ""RbbbbbbbbRbbbbRb"", ""bbbbbbbbbbbbbbbb"", ""BbbbbbbbbBbbbbBb"", "" bbbbBbbb bBbb b"", "" B bb bBb b bB b"", ""   Bb B b B b  B"", ""    B   B   B   ""]"
catalog-635,635,Clean Your Room,bahkoo,3,47,,10,15,left,4,"[4, 4, 0, 0, 0]","[""bbbbbbbbbbbbbbbb"", ""bRRRRRRRRRRRRRRb"", ""bRRRRRRRRRRRRRRb"", ""bRRRRRRRRRRRRRRb"", ""bRRRRRRRRRRRRRRb"", ""bRRRRRRRRRRRRRRb"", ""bRRRRRRRRRRRRRRb"", ""bRRRRRRRRRRRRRRb"", ""bRRRRRRRRRRRRRRb"", ""bRRRRRRRRRRRRRRb"", ""bRRRRRRRRRRRRRRb"", ""bbbbbbbbbbbbbbbb""]"
catalog-982,982,Stack Memory Tutorial 2,markbyers,3,47,2 Function Method,10,0,right,0,"[3, 5, 0, 0, 0]","[""        rrrrr  "", ""        r   r  "", ""        R   r  "", ""            r  "", ""          rrrrr"", ""          r r r"", ""          rrr r"", ""              r"", ""              r"", ""              r"", ""rgbgbbgggbgbbgr""]"
catalog-193,193,Fix the path,igoro,3,322,,4,0,right,2,"[5, 5, 0, 0, 0]","["" BggggggggggggB"", "" g            g"", "" BgggR RggggggB"", ""     g g       "", ""bbBbbbbbbbBbBbR"", ""g g  g g  g g g"", ""g g  g g  g g g"", ""g g  g g  g g g"", ""g rggr RggR RgR"", ""g              "", ""BgggggggggggggG""]"
catalog-332,332,Power-of-2 generator,igoro,4,184,Don't count the greens,9,1,right,0,"[3, 10, 6, 0, 0]","["" gbbbbbbbbbbg"", "" b          b"", "" b          b"", "" bR         b"", "" b         Rb"", "" gbbbbbbbB  b"", ""            b"", ""            b"", "" RR R   R   b"", ""rbbbbbbbbbbbg""]"
catalog-896,896,Return,sticky,3,46,Go back half as far or twice as far,0,0,right,0,"[10, 10, 0, 0, 0]","[""rbbbbbbbbbbbbbbR"", ""       b        "", ""    rr bbbbbbbbR"", ""    rr     b    "", ""  r rr     bbbbR"", "" rr rr       R  "", ""rrrrrr       R  "", ""rrrrrr     ggggR"", "" rr        g    "", ""  r    ggggggggR"", ""       g        "", ""RggggggggggggggR""]"
catalog-1199,1199,Resonance,evko,3,46,,6,7,right,0,"[5, 5, 0, 0, 0]","[""       B     "", ""       B     "", ""       B     "", ""       B     "", ""       B     "", ""       B     "", ""BBBBBBBgBBBBB"", ""       B     "", ""       B     "", ""       B     "", ""       B     "", ""       B     ""]"
catalog-983,983,Stack Memory Tutorial 3,markbyers,3,45,3 function method,8,0,right,0,"[2, 5, 5, 0, 0]","[""           rrr  "", ""           r r  "", ""         rrr rrr"", ""         r     r"", ""         rrR rrr"", ""             r  "", ""             rrr"", ""               r"", ""bggbggbggbbggrrr""]"
catalog-1016,1016,Red - Blue,zephyrmation,3,45,With a stylish green background,9,0,right,0,"[3, 2, 3, 0, 0]","[""          grBg"", ""          B  g"", ""          g  r"", ""          g  g"", ""          r  b"", ""          g  g"", ""          g  g"", ""          gG g"", ""             G"", ""gggbggggrggggg""]"
catalog-536,536,Recursed,rilo,3,796,A simple puzzle for understanding the call stack,0,0,right,0,"[3, 3, 0, 0, 0]","[""bbbbbbbgbbbbbbb"", ""              b"", ""bbbbbbrbbbbbb b"", ""b           b b"", ""b bbbbgbbbb b b"", ""b b       r g r"", ""r g Bbbbbbb b b"", ""b b         b b"", ""b bbbbbrbbbbb b"", ""b             b"", ""bbbbbbbgbbbbbbb""]"
catalog-345,345,Orbits,snydej,3,44,Visit each planet (then visit Pluto),2,0,right,2,"[4, 10, 0, 0, 0]","["" BBBBB  BGBBBBRB"", "" BBBBB  BBB  BBB"", ""bBBGBB       BGB"", "" RBBBBBBBB   BBB"", "" B    RBBB    B "", "" B    BBGB    B "", ""BBB   BBBB  BBB "", ""BGB   B B   BGR "", ""BBB   B R   BBB "", ""BBBRBBBGB    B  "", ""      G      R  "", ""      BRBBBBGB  ""]"
catalog-55,55,Zig zig,stingray,3,307,"Red means left... no, right... er, left.",11,0,right,0,"[5, 5, 0, 0, 0]","[""    rbbg       "", ""rbbbr  gbg rbbg"", ""b        b b  b"", ""b rbbbg rr b rr"", ""b b   b b  b b "", ""gbr rbr gbbr gg"", ""    b         b"", "" rbbr rbbbbbg b"", "" b    b     b b"", "" gg rbr rbg b b"", ""  b b   b b gbr"", ""bbr gbbbr B    ""]"
catalog-293,293,Multiple Personalities,snydej,3,43,Turn which way? on what color?,0,0,right,0,"[7, 7, 0, 0, 0]","[""gRRB BRGRRB BRRB"", ""   R R    R R  R"", ""BR G BRGR G G  R"", ""R  B    B B B  G"", ""R  RBBBBR B B  R"", ""R         RBR  R"", ""BRGR           G"", ""   B RBBBBBGBR R"", ""BGBR B       B R"", ""R    RGRB BGBR R"", ""R       R R    R"", ""BRRRRRRRB BRRGRB""]"
catalog-389,389,parity snake,shahbawany,3,381,,5,0,right,7,"[4, 3, 0, 0, 0]","[""GG     "", ""GBbg   "", ""   b   "", ""   b   "", ""   b   "", ""bg gbbg"", "" b    b"", "" gbbg b"", ""    b b"", ""    gbg""]"
catalog-33,33,Can you count?,igoro,3,168,,0,1,right,0,"[10, 5, 5, 0, 0]","[""rggbB      "", ""rgB        "", ""rgggbbB    "", ""rggbB      "", ""rgggggbbbbB"", ""rggbB      "", ""rgggbbB    "", ""rgB        "", ""rggbB      ""]"
catalog-317,317,Divide by 2 - no tricks,snydej,3,42,,0,0,right,2,"[7, 5, 3, 0, 0]","[""bBGBB BBBGBBB"", ""    R G     B"", ""    BRB     G"", ""            B"", ""BBBRBBB BBRBB"", ""B     B B    "", ""R     R B    "", ""B     B R    "", ""BBGBB BBBGBBB"", ""    B   B   R"", ""    B   BBRBB""]"
catalog-552,552,Forest Path,markbyers,4,126,,2,2,right,0,"[10, 5, 0, 0, 0]","[""    b     bb b  "", ""    bbbGBBGb b  "", ""bbgBG  BbbGBBG  "", ""  b B  B   b B  "", "" bbbGBBG   GBGbb"", ""  b    b   B    "", ""  GBBGbbb  B    "", ""  B bGBBBGbBbb  "", ""  B bb   BbGG   "", ""bbGBG    GBBGbbb"", ""    B    b      "", "" bbbGBBG b      ""]"
catalog-3697,3697,MidPoint,denisb,2,42,,7,0,down,0,"[5, 6, 0, 0, 0]","[""          R     "", ""       R  bR    "", ""       b  bb    "", ""BBBBBBBBBBBb    "", ""      RbbbBb    "", ""   RbBBBbBBbbbR "", ""     B BR b     "", ""b    B B  B     "", ""B    bbBbBBbbbbR"", ""BBBBBBBBbbbbbbR "", ""b    b          "", ""R    R          ""]"
catalog-333,333,Learning Stack 2,abhishikt,2,628,,11,0,up,0,"[3, 5, 0, 0, 0]","[""RBBBBBBBBBBB    "", ""B          B    "", ""B RBBB     B    "", ""B B  B     B    "", ""B B  B     GBBBB"", ""B BBBBBBG      B"", ""B    B  B      B"", ""B    B  B      B"", ""B    B  B      B"", ""B    B  B      B"", ""B    B  B      B"", ""b    B  BBBBBBBR""]"
catalog-14,14,Can you reach the stars?,igoro,3,373,This puzzle is dedicated to those that enjoy bad puns.,7,0,up,0,"[10, 2, 2, 0, 0]","[""    rrr       "", ""rr rrBrrrr rrr"", ""brrrBbBrBrrrBr"", ""bBrBbBbbbbrbbb"", ""bbbbbrbbbBBbBb"", ""bbBBrrbbbrrbbb"", ""bBrrrrrBrrrrBr"", ""rrr   rbr  rrr"", ""      rBr     "", ""      rrr     ""]"
catalog-273,273,Symmetry I,snydej,3,41,,10,7,up,0,"[6, 8, 0, 0, 0]","[""brrrrrrbGGGGGGG"", ""r      g      G"", ""r   brrbGGG   G"", ""r   r  g  G   G"", ""r brrrrbGGGGG G"", ""r r r  g  G G G"", ""r brrrrgGGGGG G"", ""r   r  g  G   G"", ""r   brrgGGG   G"", ""r      g      G"", ""brrrrrrgGGGGGGG""]"
catalog-356,356,Balanced Colors,snydej,4,41,You've reached the end when you've seen an equal amount of each color,11,0,right,0,"[10, 5, 5, 3, 3]","[""       G      GG"", ""       G      GG"", ""   GG  BG   G GB"", ""   GG  GG   G BG"", ""   BG GGB  GGGBG"", ""   GG GGG  GGGGB"", "" G BB BBG GGGGBG"", "" G GB GBB GBBGGB"", ""GG BGGGBB BBBBGB"", ""GB GBGBGG GGBBBG"", ""BBGBBBBBBGBBBBBB"", ""bBBBBBBBBBBBBBBB""]"
catalog-594,594,Binary Tree,beaza,3,41,the title is the hint,0,5,down,0,"[2, 3, 4, 10, 10]","[""     b     "", ""    bBb    "", ""    b b    "", ""   bBbBb   "", ""   b b b   "", ""  bBbBbBb  "", ""  b b b b  "", "" bBbBbBbBb "", "" b b b b b "", ""bBbBbBbBbBb"", ""b b b b b b"", ""R R R R R R""]"
catalog-217,217,Towers,bofh,3,40,,11,0,up,0,"[7, 5, 5, 4, 3]","[""      B        B"", ""     Bb     B  b"", ""B B  bb   B b  b"", ""b b  bb   b b  b"", ""bBb  gb B bBgB b"", ""bbb  br b bbbb r"", ""rgrB bb g rgbb b"", ""bbbbBgbBb bbgrBb"", ""bgbrgbbggBbgbbgb"", ""bbbbgbbgbrbbbbgb"", ""bbbbbbbbbbbbbbbb"", ""grggrrgrrggrrgrg""]"
catalog-286,286,Measurements,recursive,3,40,Record distance between red tiles - Walk on green,11,0,up,0,"[5, 10, 0, 0, 0]","[""rbbbbbbbbbbbrbbr"", ""b              b"", ""b rbbbrbbbbbbg b"", ""b b          g b"", ""r b  ggggggg g b"", ""b b  g     g g r"", ""b b  g     g g b"", ""b b  g Ggggg g b"", ""b b  g       g b"", ""b b  ggggggggg b"", ""b r            b"", ""b rbbbbrbbbbbbbr""]"
catalog-362,362,Learning Stack 4,abhishikt,3,80,,0,0,right,0,"[2, 4, 4, 0, 0]","[""bbbbbR   G      "", ""     BB  BBBBBBB"", ""      BBbb      "", ""       BB       "", ""      bbBB      "", ""     bb  BBBBBBG"", ""    bb       bb "", ""   bb       bb  "", ""  bb       bb   "", "" bb       bb    "", ""GBBBBBBBBBB     "", ""          G     ""]"
catalog-2468,2468,5 Ways,anton_s,3,40,,10,10,left,0,"[5, 5, 0, 0, 0]","[""RBBBBBBBBBG"", ""B          "", ""B RBBBBBBBG"", ""B B        "", ""B B RBBBBBG"", ""B B B      "", ""B B B RBBBG"", ""B B B B    "", ""B B B B RBG"", ""B B B B B  "", ""RBRBRBRBRBg""]"
catalog-66,66,Reflection,stingray,4,118,"Play the first half, then rewind.",0,0,right,0,"[4, 5, 4, 4, 4]","[""rbR      "", ""RbbbR    "", ""RbR      "", ""RbbbbbbbR"", ""RbbbbbR  "", ""RbR      "", ""BbB      "", ""BbbbbbB  "", ""BbbbbbbbB"", ""BbB      "", ""BbbbB    "", ""BbB      ""]"
catalog-319,319,1 step forwards...,wallacoloo,4,39,2 steps backwards,3,5,right,0,"[5, 10, 10, 0, 0]","[""  G       "", ""  r       "", ""  r  b    "", "" bbbbbrrG "", ""  b Gb    "", ""  b r   B "", ""Grbbbb BbB"", ""  b b   b "", ""Grrrbbbbbb"", ""    b   r "", ""        G ""]"
catalog-358,358,Tree III,snydej,4,78,Where did all the leaves go?,11,7,up,2,"[5, 10, 0, 0, 0]","[""R     R R      R"", ""B     B RBBBRBBR"", ""RBRBBBR B   B  B"", ""B B   R R   B  R"", ""R B         B   "", ""  RBBBBRBBBBR   "", ""  B    B    B  R"", ""R B  R B R  B  B"", ""B B  B B B  B  B"", ""RBRBBR B RBBRBBR"", ""B    B B B     B"", ""R    R r R     R""]"
catalog-516,516,Forward Slash,beaza,3,39,/,5,4,right,3,"[8, 0, 0, 0, 0]","[""         bB"", ""        bBb"", ""       bBb "", ""      bBb  "", ""     bBb   "", ""    bBb    "", ""   bBb     "", ""  bBb      "", "" bBb       "", ""bBb        "", ""Bb         ""]"
catalog-941,941,Chameleon Spiral 2,markbyers,3,39,A hint for the technique to use to solve Chameleon Spiral.,0,0,right,0,"[5, 2, 2, 2, 2]","[""gggggggbbbbbbb"", ""             b"", ""  gggggbbbbb b"", ""  g        b b"", ""  g gggbbb b b"", ""  g g    b b b"", ""  g g G  g g g"", ""  b b bbgg g g"", ""  b b      g g"", ""  b bbbbgggg g"", ""  b          g"", ""  bbbbbbgggggg""]"
catalog-2482,2482,Polly Want A Cracker?,benjaminrr,3,39,,0,0,down,0,"[3, 2, 8, 0, 0]","[""r               "", ""r rrrrrrrrrrrrrg"", ""r rR R R R R R r"", ""r r R R R      r"", ""r grrrrrrR     r"", ""r              r"", ""r R R R R R R Rr"", ""grrrrrrrrrrrrrrr""]"
catalog-3923,3923,Mountain Chain,qinn,3,39,Hint on how the red paint is used in Early Marked Bridges.,11,0,up,1,"[4, 5, 4, 0, 0]","[""          gBb   "", ""          b b gB"", ""  gBb     b b b "", ""  b b     b b b "", ""  b b   gBb b b "", ""gBb b   b b b b "", ""b b b   b b b b "", ""b b gBb b b b b "", ""b b b b b b gBb "", ""b b b b b b b b "", ""b b b gBb b b b "", ""b B B B B B B B ""]"
catalog-350,350,Plus or Minus One,snydej,4,115,,2,0,down,0,"[7, 7, 7, 0, 0]","[""  B             "", "" BBB           B"", ""bBBBB       B BB"", ""BBBBBB B   BBBBB"", ""BBBBBBBBB BBBBBB"", ""BBBBBBBBBBBBBBBB"", ""BBBBBBBBBBBBBBBB"", ""BBBBBBBBBBBBBBBB"", ""BBBBBBBBBBBBBBBB"", ""RRRGGGGRGGRRRGRR""]"
catalog-656,656,Limit your stack!,axelbrz,4,1450,,11,0,right,0,"[5, 5, 0, 0, 0]","[""R   R           "", ""B   B       R   "", ""B   B       B   "", ""B   B       B R "", ""B R B   R   B B "", ""B B B   B R B B "", ""BRB B   B B B B "", ""BBB BR  B B BRB "", ""BBB BB  BRB BBB "", ""BBB BB  BBBRBBBR"", ""BBBRBBRRBBBBBBBB"", ""bBBBBBBBBBBBBBBB""]"
catalog-216,216,Mod 3,snydej,4,38,count the number of red tiles to know which way to turn,6,7,right,0,"[4, 4, 4, 0, 0]","[""GBBG GBBRBGBRBRG"", ""B  b R         R"", ""GRRG R         R"", ""   B R GBRBRBBRG"", ""   R B B     GBG"", ""   B R       B R"", ""GBBG R bRRG  B R"", ""R  B B    B  R R"", ""B  GBG    GRGBBG"", ""R            B  "", ""GRBRGRBBG    R  "", ""        GBRBRG  ""]"
catalog-254,254,two triangles,wallacoloo,3,152,they're different sizes on purpose!,7,4,up,1,"[10, 5, 5, 5, 0]","[""    RBBBBBBB"", ""    BBBBBBB "", ""    BBBBBB  "", ""    BBBBB   "", ""    BBBB    "", ""    BBB     "", ""    BB      "", ""    g       "", ""   BB       "", ""  BBB       "", "" BBBB       "", ""BBBBR       ""]"
catalog-469,469,Fat Snake,recursive,3,38,,0,0,down,0,"[10, 5, 5, 0, 0]","[""bB  BBBR  BBBBBB"", ""BB  BGBB  BGBBGB"", ""BB  BB    BB  BB"", ""BB  BB    BB  BB"", ""BB  BB    BB  BB"", ""BB  BB    BB  BB"", ""BB  BGBBBBGB  BB"", ""BB  BBBBBBBB  BB"", ""BB            BB"", ""BB            BB"", ""BGBBBBBBBBBBBBGB"", ""BBBBBBBBBBBBBBBB""]"
catalog-2472,2472,Up and down,hansa,2,38,,1,0,down,0,"[4, 6, 0, 0, 0]","[""RR        "", ""bB        "", ""BBBB      "", ""BBBB      "", ""  BBBB    "", ""  BBBB    "", ""    BBBB  "", ""    BBBB  "", ""      BBBB"", ""      BBBB"", ""        BB"", ""        GG""]"
catalog-13654,13654,robosquad 2.0 - iteration and function calls,robosquad,3,38,This puzzle uses iteratrion to get the star!,11,0,right,0,"[3, 2, 9, 0, 0]","[""       B"", ""      Bb"", ""      Bb"", ""       b"", ""      Bb"", ""      Bb"", ""       b"", ""      Bb"", ""      Bb"", ""       b"", ""  BB BBb"", ""bbbbbbbr""]"
catalog-628,628,Handcuffs,thenick22,3,226,Are very uncomfortable.,3,3,up,0,"[6, 3, 0, 0, 0]","[""   BBBBB"", ""   B   B"", ""   B   B"", ""BBBg   B"", ""B  BBBBB"", ""B  B    "", ""BBBB    ""]"
catalog-313,313,Colorful Path,snydej,3,186,,1,1,right,0,"[5, 5, 5, 0, 0]","["" ggggg rrrggggbb"", "" bBBBg rGGBBBBRb"", ""    Rb rG     Rb"", ""gB  RbbrG GGGGRb"", ""gB  RRRGG Grrrbb"", ""gB        Gr    "", ""gB  RRRBB Bggggg"", ""gB  RbbgB BBBBBg"", ""gB  Rb gB     Rb"", ""rGGGGr gB     Rb"", ""rrrrrr gBGGGRRRb"", ""       ggrrrbbbb""]"
catalog-29,29,Space Invader,,4,37,Do the color's help?,5,5,up,0,"[5, 6, 4, 0, 0]","[""rrrrrrrrrrrr"", ""rr   rr   rr"", ""r BBBBBBBB r"", ""r B BBBB B r"", ""r BBBBBBBB r"", ""rgBBBbBBBBgr"", ""rgBBBBBBBBgr"", ""r BBBBBBBB r"", ""r B BBBB B r"", ""r BBBBBBBB r"", ""rr   rr   rr""]"
catalog-76,76,Count the tiles,igoro,3,148,,10,0,right,0,"[3, 3, 0, 0, 0]","[""  rbrbbbbrbbbbr"", ""  b           b"", ""  B           b"", ""              b"", ""   rbbbbrbbbr b"", ""   b        b b"", ""   b        rbr"", ""   b           "", ""   rbbbr       "", ""       b       "", ""rbbbbrbr       ""]"
catalog-167,167,Different kind of counting,igoro,3,37,,9,0,right,3,"[10, 5, 5, 0, 0]","[""         B"", ""        BB"", ""       BBB"", ""      BBBB"", ""     BBBBB"", ""    BBBBBB"", ""   BBBBBBB"", ""  BBBBBBBB"", "" BBBBBBBBB"", ""bBBBBBBBBB""]"
catalog-353,353,Left or Right,recursive,3,74,,11,0,right,0,"[10, 10, 10, 0, 0]","["" gbbbbbbbbbbB   "", "" b              "", "" b    Bbbbbbbbbr"", "" b             b"", "" b gbbbbbbB    b"", "" b b           b"", "" b b    Bbbbbr b"", "" b b         b b"", "" b b         b b"", "" b b Bbr gbB b b"", "" b b   b b   b b"", ""bgbgbbbgbgbbbgbg""]"
catalog-771,771,"Memory hole, or a memory for holes",petwolverine,3,37,,10,0,up,2,"[5, 8, 9, 0, 0]","["" R   gg R  gg "", "" b R  g bR  g "", "" bRb  R bb  g "", ""Rbbb Rb bb  R "", ""bb b bbRbbR b "", ""bbgbRb b bbRb "", ""b bbbbgbgbbbbR"", ""bgbb bbbbbb bb"", ""bb bgbb b bgbb"", ""bbgbbbbgbgbbbb"", ""bbbbbbbbbbbbbb""]"
catalog-143,143,Double Recursion 2,sam0737,3,219,Recursion is like a spring - it stores energy,6,3,right,0,"[7, 0, 0, 0, 0]","[""    ggggggg"", ""    G     g"", ""          g"", ""rbbbr     g"", ""b   b     g"", ""b   b     g"", ""b  br     g"", ""b         g"", ""ggggggggggg""]"
catalog-1143,1143,Patience,sticky,3,36,Save the stack 'til the end,11,1,left,0,"[5, 5, 5, 0, 0]","[""GbbbbbG  GbbbbbG"", ""b     b  b     b"", ""r GbG b  b GbG r"", ""r b b b  b b b r"", ""r GbbbG  GbbbG r"", ""r   b      b   r"", ""r GbbbG  GbbbG r"", ""r b b b  b b b r"", ""r GbG b  b GbG r"", ""r   GbbbbbbG   r"", ""r   b b  b b   r"", ""rb  GbG  GbG  Br""]"
catalog-211,211,Parity checker,snydej,4,35,can you xor?,0,0,right,0,"[5, 5, 10, 0, 0]","[""gggggggggggggggg"", ""bbbbbrrbrrbbbbrb"", ""rbrbrrbrrrbbrbrr"", ""bbbbbrrbrrbbrrbb"", ""bbbbbrbrrrbbbrrb"", ""bbrbrrrbbrbrbrbr"", ""bbbrbrbrbbrrbbrb"", ""bbbrrrrbbbrrrbrb"", ""bbbrbrbrbbrrrrrr"", ""bbbbbrrbbbrrbrrr"", ""GGGGGGGGGGGGGGGG"", ""G  GGGG  G G GG ""]"
catalog-300,300,Bridge to 2nd building,alvarom,4,35,,2,8,right,5,"[8, 5, 0, 0, 0]","[""RRRRRRRRRRRRRRR "", ""R R R R R R R R "", ""RRRRRRRRrRRRRRRg"", ""               b"", ""               b"", ""RRRRRRRbbbbbbbbg"", ""R R R R R R R R "", ""RRRRRRRRRRRRRRR ""]"
catalog-314,314,triangle towers,wallacoloo,3,35,Can you do it with just 2 functions?,3,0,right,0,"[10, 10, 0, 0, 0]","[""      B         "", ""      bB   B    "", ""  B   bbB  bB B "", ""grgrrrgggrrggrgg""]"
catalog-595,595,Just Another Trees,ssancho,3,35,Just don't pass the 1000 move limit...,5,0,right,0,"[5, 5, 5, 5, 5]","[""         Br  BR"", ""       BBB BBB "", ""     BBB BBB BR"", ""   BBB BBB BBB "", "" BBB BBB BBB BR"", ""bB BBB BBB BBB "", "" BBB BBB BBB BR"", ""   BBB BBB BBB "", ""     BBB BBB BR"", ""       BBB BBB "", ""         BBB   "", ""           BR  ""]"
catalog-280,280,Fun with paint,evilpettingzoo,2,897,See if you can solve this puzzle using the paint commands,4,0,right,7,"[5, 3, 3, 0, 0]","[""       RbbR  "", ""       b  b  "", ""   RbR b  b B"", ""   b b b  b b"", ""bBbBbR RbbBbB"", ""   b      b  "", ""   BbbbbbbR  ""]"
catalog-439,439, Easy Peezy,coolchrisrm,3,310,Left on green... right on green?,11,0,right,0,"[8, 4, 0, 0, 0]","[""b     b     b   "", ""b rbr rbg gbr gB"", ""  b b   b b   b "", ""rbg gbr b b gbr "", ""b     b b b b   "", ""rbg gbr rbr gbr "", ""  b b         b "", ""rbg gbr rbr gbr "", ""b     b b b b   "", ""rbg gbr b b gbbr"", ""  b b   b b    b"", ""bbg gbbbg gbbbbr""]"
catalog-446,446,Warning Signs,markbyers,3,172,,1,1,right,0,"[10, 5, 5, 5, 5]","[""bbbbr bbb       "", ""bbBBb bBb       "", ""bbbBb bBb       "", ""  bBb bBbbrbbbbr"", "" rbBb bBBBbBBBBb"", "" bBBb rbbBBBbbBb"", "" bBbr   rbbbrbBb"", "" bBb         bBb"", "" bBbbbbbr    bBb"", "" bBBBBBBbbbbbbBb"", "" rbbbbbBBBBBBBBb"", ""      rbbbbbbbbr""]"
catalog-291,291,Huh? Part2,sungjin,3,171,Is it simple?,0,1,right,6,"[4, 5, 2, 0, 0]","[""Brbbbbbbbbbbbbrb"", ""               b"", ""bbbbbbbbbbbbrb b"", ""r            b b"", ""b bbbbbbbbrb b b"", ""b r G      b b b"", ""b b b      r b b"", ""b b brbbbbbb b b"", ""b b          r b"", ""b brbbbbbbbbbb b"", ""b              r"", ""brbbbbbbbbbbbbbb""]"
catalog-181,181,Watchtower patrol,evko,3,34,,5,5,right,0,"[5, 5, 5, 0, 0]","[""GG  GG  GG"", ""GrbbbbbbrG"", "" brbbbbrb "", "" bbrbbrbb "", ""GbbbrrbbbG"", ""GbbbrrbbbG"", "" bbrbbrbb "", "" brbbbbrb "", ""GrbbbbbbrG"", ""GG  GG  GG""]"
catalog-334,334,Learning Stack 3,abhishikt,3,68,,6,0,right,0,"[3, 4, 3, 2, 0]","[""      RB      "", ""     BBBB     "", ""    BB  BB    "", ""   BB  B BB   "", ""  BB  BB  BB  "", "" BB  BB    BB "", ""bB  BB      BB"", ""    BB      BB"", ""     BB    BB "", ""      BB  BB  "", ""       BBBB   "", ""        BR    ""]"
catalog-336,336,Missing tiles,abhishikt,3,34,,4,1,up,0,"[3, 4, 3, 0, 0]","[""BBBbbbbbBBB"", ""BRBbbbbbBRB"", ""BB bbbbb BB"", ""bbbbbbbbbbb"", ""bbbbb bbbbb"", ""bbbbbbbbbbb"", ""BB bbbbb BB"", ""BRBbbbbbBRB"", ""BBBbbbbbBBB""]"
catalog-1033,1033,Counting - Green,markbyers,3,34,,0,0,right,0,"[5, 5, 5, 5, 0]","[""gggggbbbbbrrrrr"", ""              g"", ""rggggggrrrrrr g"", ""r           b b"", ""r rbggbgrrr b b"", ""b r       g b b"", ""g g B     b g g"", ""b g rrrgggr g b"", ""g b         r b"", ""b rrrrggggbbr r"", ""g             r"", ""rrrrrbbggggbbgr""]"
catalog-1279,1279,Hmm...maybe?,spliffen,2,34,Hopefully this will be slightly harder ;),11,0,right,0,"[3, 7, 2, 0, 0]","[""bbbbbbbbbbb    "", "" b b b b b b   "", ""bbbbbbbbbbbbb  "", ""b b b b b b bb "", ""Bbbbbbbbbbbbbbb"", "" b b b b b bbb "", ""bbbbbbbbbbbbb  "", ""b b b b b bb   "", ""bbbbbbbbbbb    "", "" b b b bbb     "", ""bbbbbbbbb      "", ""bbbbbbbg       ""]"
catalog-3151,3151,Halving the stack,yaxlat,3,34,Aim for red,4,6,right,0,"[4, 6, 6, 3, 0]","[""  gbbbbbbbbbg"", ""  b    B    b"", ""  b        Bb"", ""  bB     B  b"", ""gbbbbbgbbbbbg"", ""b bBBBb      "", ""b gbbbg      "", ""b            "", ""R            ""]"
catalog-3438,3438,Reflection,denisb,3,34,,11,0,right,0,"[5, 8, 3, 3, 3]","[""bbbbbrbbgbbB    "", ""bbbbbbbrgB      "", ""bbbbbbbbg       "", ""bbbbbbbbg       "", ""brbbbbbbgbbbbbbB"", ""brbbbbbbgbbbbbbB"", ""bbbbbbbbg       "", ""bbbbrbbbgbbbB   "", ""bbbbbbbbg       "", ""brbbbbbbgbbbbbbB"", ""bbbbbbrbgbB     "", ""bbbbrbbbgbbbB   ""]"
catalog-1088,1088,Chain Links,beaza,2,67,,1,0,right,0,"[10, 0, 0, 0, 0]","["" bbb bbb bbb bbb"", ""gG GGG GGG GGG b"", "" bbb bbb bbb bGb"", ""              G "", "" bbb bbb bbb bGb"", "" b GGG GGG GGG b"", "" bGb bbb bbb bbb"", ""  G             "", "" bGb bbb bbb bbb"", "" b GGG GGG GGG G"", "" bbb bbb bbb bbb""]"
catalog-1020,1020,Swirl,markbyers,3,33,,7,2,right,2,"[5, 5, 5, 0, 0]","["" bbbbb     "", "" b   b bbbb"", "" b B b b  b"", "" bbb b bB b"", ""     b    b"", ""gbbbbrbbbbb"", ""b    b     "", ""b bg b bbb "", ""b  b b B b "", ""gbbg b   b "", ""     bbbbb ""]"
catalog-1070,1070,Get The Reds 2,rafaelromao,3,33,,9,7,right,0,"[4, 4, 0, 0, 0]","[""       R   R  "", ""       b   b  "", ""       b   b  "", ""       b   b  "", ""       b   b  "", ""RbbbbbbbbgbbbR"", ""       b   b  "", ""       g   R  "", ""       b      "", ""RbbbbbbbbbR   "", ""       b      "", ""       R      ""]"
catalog-259,259,Shortening,igoro,3,230,,2,0,down,0,"[9, 0, 0, 0, 0]","[""  bbbbrb"", ""  r    b"", ""b b Bb b"", ""r b  r b"", ""b b  r b"", ""b brrb b"", ""b      b"", ""bbbbbbbb""]"
catalog-320,320,up or down?,wallacoloo,2,620,may look deceptively hard.,1,0,right,0,"[3, 4, 4, 0, 0]","[""   Rb           "", ""rbGbRbRb        "", "" Gb  GbRbRb     "", ""        GbRb  Rb"", ""           RbGbG"", ""            Gb  ""]"
catalog-907,907,Backtrack Spiral,rafaelromao,3,65,,0,1,right,0,"[10, 0, 0, 0, 0]","[""Bgbbbbbbbbbbbbbr"", ""               b"", ""rbbbbbbbbbbbbr b"", ""b            b b"", ""b rbbbbbbbbr b b"", ""b b        b b b"", ""b b rbbbbG b b b"", ""b b rbbbbbbr b b"", ""b b          b b"", ""b rbbbbbbbbbbr b"", ""b              b"", ""rbbbbbbbbbbbbbbr""]"
catalog-170,170,Different kind of counting II,evko,3,32,,9,0,right,1,"[5, 10, 5, 0, 0]","[""B         "", ""BB        "", ""BBB       "", ""BBBB      "", ""BBBBB     "", ""BBBBBB    "", ""BBBBBBB   "", ""BBBBBBBB  "", ""BBBBBBBBB "", ""bBBBBBBBBB""]"
catalog-239,239,Double Staircase,snydej,3,32,,5,6,right,1,"[10, 0, 0, 0, 0]","[""           BB"", ""          BB "", ""         BB  "", ""        BB   "", ""       BB    "", ""      bB     "", ""     BB      "", ""    BB       "", ""   BB        "", ""  BB         "", "" BB          "", ""BB           ""]"
catalog-272,272,Follow the arrow,abhishikt,3,32,,0,9,down,0,"[3, 6, 4, 0, 0]","["" rbbbbbBbbbbbbb "", "" bRbGGbRbGbGRbrb"", ""brgbbbbBbbbbbbb "", "" bbbbBbbbbbbbb  "", "" brgbRbbbbrbgb  "", "" bbbbgbbbRGbrb  "", ""  b bb     bb   "", "" brgBRBbBbb     "", ""   bbbbbgbbbb   "", ""     rgbrbbbbb  ""]"
catalog-418,418,scattered intructions,wallacoloo,3,32,read what's between the red tiles.,0,0,right,0,"[5, 5, 5, 2, 0]","[""rgbbggRbbbbbbbg"", ""              b"", ""gRbbbR     gbbg"", ""b  gbgbbbg b   "", ""b  b b   R b   "", ""b  R b   b gbR "", ""b  g b   b   b "", ""b  b b   g   g "", ""b  b b   g   g "", ""b  RbgbbbR   g "", ""b    b       R "", ""gR   gbbbbbbbg ""]"
catalog-612,612,Reuse,ssancho,3,32,,9,0,right,0,"[4, 4, 3, 3, 3]","[""  GggggggggbggR"", ""  b           r"", ""bbbbrbbbG     r"", ""R r     g     r"", ""  b     g     r"", ""  b     b     r"", ""  BrgrrrR     g"", ""              r"", ""              r"", ""bbbbbbbrbbbbbbB""]"
catalog-822,822,Messy greens,hbandura,3,32,Some greens are not worthy of my attention,10,0,right,0,"[5, 5, 0, 0, 0]","[""    gbbgRgbbg  "", ""    b       R  "", ""gbgbRbgbg   b  "", ""b   b   b   g  "", ""R   b   R gbRbg"", ""b   R   g b g b"", ""R   gbrbg R b b"", ""R         b R R"", ""gbR       gRg g"", ""              b"", ""bbgbRbgbbgbRbbg""]"
catalog-1236,1236,Somewhat Wallhugging,wallacoloo,3,32,,0,0,right,0,"[10, 0, 0, 0, 0]","[""bbBbBbBbBbBbBb "", ""gbgbgbgbgbgbGbb"", ""             GB"", ""             bb"", ""       bBb   gB"", ""      bbGbb  bb"", ""      BG GB  gB"", ""      bb     bb"", ""      BG     GB"", ""      bbGbgbGbb"", ""       bBbBbBb ""]"
catalog-2277,2277,Cinch ,benjaminrr,3,32,"Pretty Simple, Enjoy.",11,0,up,0,"[5, 7, 3, 0, 0]","[""R               "", ""gR RR           "", ""gg gg      R RRR"", ""gg gg      g ggg"", ""gg ggR     g ggg"", ""gg ggg     g ggg"", ""gbGgggRR RRg ggg"", ""gggggggg ggg ggg"", ""gggggggg ggbGggg"", ""gggggggbGggggggg"", ""gggggggggggggggg"", ""gGGGGGGGGGGGGGGG""]"
catalog-2446,2446,Ugly Spiral,jaex,3,32,,6,5,right,0,"[5, 5, 0, 0, 0]","["" R          R "", "" gbrbrbrbrbgR "", "" g R       bb "", "" g gggbrggRbg "", "" g r R   g bg "", "" g b gggRg bg "", "" g gRgRggbrbgR"", "" g g R ggr bg "", "" rRggggggg bg "", "" b     Rggggb "", ""Rgggggrbgg Rr "", ""         R  R ""]"
catalog-3840,3840,Odd or even,denisb,2,32,"count the red, and turn accordingly",5,8,left,0,"[4, 4, 2, 2, 0]","[""BG GRG GBG GBRRG"", "" B B R B R B   R"", "" B B B R B GBG R"", "" B R R R B   R R"", "" B B B B GBG R R"", "" R R R Gb  R R R"", "" B B B     R B R"", "" B R GRBBBRG R R"", "" B B         R R"", "" B GBRBBBBBBBG R"", "" B             R"", "" GBBRBRRBBBRBRRG""]"
catalog-381,381,back on double-green,wallacoloo,3,63,,3,7,right,0,"[10, 10, 5, 0, 0]","[""  RbR     RbR  "", ""  b b     b b  "", ""  b b     b b  "", ""  RbbbbbbbbbR  "", ""    b     b    "", ""RbgbR G G RbgbR"", ""b     g g     b"", ""RgRgbbR RbbgRgR"", ""  b         b  "", ""  b         b  "", ""RgRgR     RgRgR"", ""RbbbR     RbbbR""]"
catalog-137,137,Delayed Reaction,recursive,3,249,"Turn.  No, not here, up there.",11,0,right,0,"[10, 10, 0, 0, 0]","[""   bbrbbbbb bbrb"", ""   b      b b  b"", ""   b      r b  r"", ""   b   brbb b  b"", ""   b   b    g  b"", ""   b   g    b  b"", ""   r   bbgbbb  b"", ""   b           b"", ""   bbbbbbbbbbB b"", ""               b"", ""               b"", ""bbbbbbbbbbbbbrbb""]"
catalog-110,110,I`m Yolko :),evko,2,341,,11,7,up,0,"[6, 5, 0, 0, 0]","[""       R       "", ""      RgR      "", ""    RgggggR    "", ""      RgR      "", ""   RgggggggR   "", ""      RgR      "", ""  RgggggggggR  "", ""      RgR      "", "" RgggggggggggR "", ""      RgR      "", ""RgggggggggggggR"", ""      RgR      ""]"
catalog-113,113,Nested up to madness,evko,4,31,Can you collect second star? ;-),8,2,left,0,"[10, 0, 0, 0, 0]","[""    ggg gBr    "", ""    r g b B    "", ""ggbbr b b gBBBr"", ""b     b b     B"", ""b     b b     B"", ""g     b b     B"", ""gbbrr b b gBBBr"", ""    b b b B    "", ""rbb b b b B BBg"", ""r   r b r B   B"", ""rrbbr rrr gBBBg""]"
catalog-155,155,Missing red tile II,snydej,3,93,the red tile is a lie,11,1,left,0,"[5, 6, 0, 0, 0]","[""GBBBBBBBBBBBBr"", ""GBBBBBBBBBBBr "", ""GBBBBBBBBBB   "", ""GBBBBBBBBB    "", ""GBBBBBBBBr    "", ""GBBBBBBBr     "", ""GBBBBBBr      "", ""GBBBBBr       "", ""GBBBBr        "", ""GBBBr         "", ""GBBr          "", ""Gbr           ""]"
catalog-719,719,Convex Hole,snydej,3,31,,11,0,right,0,"[10, 10, 0, 0, 0]","[""GGGGGGGGGGGGGGGG"", ""GBBBBBBBBBBBBBBG"", ""GBBBBBGGGBBBBBBG"", ""GBBBGG   GGGBBBG"", ""GBBG        GGBG"", ""GBBG         GBG"", ""GBBG         GBG"", ""GBBGG      GGGBG"", ""GBBBBGGGGGGBBBBG"", ""GBBBBBBBBBBBBBBG"", ""GBBBBBBBBBBBBBBG"", ""gGGGGGGGGGGGGGGG""]"
catalog-757,757,Three of a Kind,markbyers,3,31,,5,0,right,0,"[5, 5, 5, 5, 0]","["" GRGGG          "", "" G   B RGRRRBBB "", "" G   B R      R "", "" B RGGRRRGGG  G "", "" B R G G   B  G "", ""bBBRRG G   B  G "", "" R G   BBBRRRBBB"", "" R G       R  B "", "" R BBBBBBRRRGGB "", "" R         R    "", "" R         R    "", "" BBBGGGGGGBR    ""]"
catalog-791,791,Progressive Jackpot,beaza,3,31,,0,4,right,0,"[10, 10, 0, 0, 0]","[""    bbbbbbbbRGb "", ""              b "", ""bRRGGbbbbbbbbbb "", ""b               "", ""bbbbbbbbbRRRGGGb"", ""               b"", ""  bRRRRGGGGbbbbb"", ""  b             "", ""  bRRRRRGGGGGb  "", ""             b  "", ""RRRRRRGGGGGGbb  ""]"
catalog-1030,1030,Connecting blue ones,axelbrz,3,31,Resolve those flexible bypasses,2,0,right,0,"[4, 4, 5, 2, 0]","[""    grrrg  grrrg"", ""    r   r  r   r"", ""bBBBGB BGBBGB  r"", ""      B      B r"", ""grrg BGBGB B Grg"", ""r  r  B grrG B  "", ""r  r       B B  "", ""r  r grrrrrG B  "", ""r  r r     B Grg"", ""r BGBGB      B r"", ""r       BGBGB  r"", ""grrrrrrrrg grrrg""]"
catalog-1464,1464,Counting Corners,axorion,3,31,Don't count blue. Don't turn left.,0,0,right,0,"[3, 4, 2, 0, 0]","[""bbbbbbbbbbbbbbbr"", ""               b"", ""rbbbbbbbbbbbbr b"", ""b            b b"", ""b gbbbbbbbb  b b"", ""b b      rbr b b"", ""b b Bbbbbbbr b b"", ""b b      bg  b b"", ""b b          b b"", ""b rbbbbbbbbbbr b"", ""b              b"", ""rbbbbbbbbbbbbbbr""]"
catalog-1571,1571,Sweep & Crawl,kraker,3,31,,2,15,down,0,"[5, 5, 5, 0, 0]","[""rrrrrrrrbbrrrrrr"", ""rggggggggggggggr"", ""rg      gg    gr"", ""bgggggR gg Rgggb"", ""bgggggR gg Rgggb"", ""bgggggR gg Rgggb"", ""bgggggR RR Rgggb"", ""bggggR        gr"", ""bggggR RRRRRR gr"", ""rg     gggggg gr"", ""rggggggggggggggr"", ""rrrrrrrbbbbbbrrr""]"
catalog-1971,1971,Flower,siezer,2,62,,7,3,right,0,"[3, 3, 0, 0, 0]","[""   R   "", "" R b R "", ""RgbgbgR"", "" bg gb "", ""RgbgbgR"", "" R b R "", ""   b   "", ""   b   "", ""   B   ""]"
catalog-2732,2732,BlueBerry Picking,benjaminrr,3,31,,11,0,up,0,"[5, 6, 3, 0, 0]","[""B BB   B        "", ""g gg   grggggr  "", ""g gg   gg    g  "", ""g ggrgggggggrggB"", ""g grgggggggggrgB"", ""g ggg  gg   gg  "", ""g ggg rgggrggggB"", ""g ggg ggg g gg  "", ""grgggggggrgggggB"", ""ggggg ggggg gg  "", ""gggggrgggggrgggB"", ""gggggggggBBBBBB ""]"
catalog-4400,4400,Sokoban,dannythorne,3,31,Push the green crates onto the stars.,0,4,down,6,"[4, 4, 0, 0, 0]","[""bbbrbbbbbrbrrrbb"", ""bbbbbbbbbbbrbrbb"", ""bbbbgbbbbbb bbbb"", ""bbbbBbbbbbbgb rr"", ""rbgB Bgbbr Bbbbr"", ""rbbbBbrbrbbbbbrr"", ""rbbbgbbgbbbbbbbb"", ""bbbbbbb BbbbbbbB"", ""bbbbbbbbbbbbbbbb"", ""bbbbbbrbbbbbbbrb"", ""rbbbbrbbbbbbbbbb"", ""bbbbrbbbbbbrbbbb""]"
catalog-584,584,Boost Spiral,rafaelromao,3,247,"Boost on green, left on red and ...",0,0,down,0,"[4, 3, 2, 0, 0]","[""b               "", ""b rgbbbgbbbgbbbr"", ""b b            b"", ""b b rgbbbgbbbr g"", ""g b b        b b"", ""b g b Bgbbbr g b"", ""b b b      b b b"", ""b b bbbbgbbr b g"", ""g b          b b"", ""b bbbbgbbbgbbr b"", ""b              b"", ""rbbbgbbbgbbbgbbr""]"
catalog-285,285,The Skull,deepak,2,1754,,3,2,up,7,"[5, 0, 0, 0, 0]","[""RbbbR"", ""b B b"", ""RbgbR"", ""  b  "", "" b b "", ""  b  ""]"
catalog-714,714,Ups and Downs,snydej,2,92,,5,0,right,0,"[10, 10, 0, 0, 0]","[""              B "", ""B        B    G "", ""G  B  B  G    G "", ""G  G BG  G    G "", ""G  G GGB G   BG "", ""gRRGRGGGRGRRRGGR"", "" RR R   R RBR  R"", "" RB R   R R R  R"", "" R  R   B R R  B"", "" B  B     R R   "", ""          B R   "", ""            B   ""]"
catalog-425,425,Flip Flop,azrael,2,1786,"Left on green, right on green... wait, what?",5,10,down,0,"[4, 4, 0, 0, 0]","[""GbbbbbbbbbbbbbbG"", ""b     GbbbbbrbbG"", ""GbrbG b         "", ""    b b GbbbbbbG"", ""GbrbG b b      b"", ""b     b b b    b"", ""GbrbG b b GbbbbG"", ""    b b b       "", ""GbrbG b GbbbrbbG"", ""b     b        b"", ""GbrbG GbbbbbbbbG"", ""BbbbG           ""]"
catalog-391,391,Square,snydej,3,30,Red = Blue^2,0,0,down,0,"[10, 10, 5, 5, 0]","[""gBR          "", ""GBBRRRR      "", ""GBBBRRRRRRRRR"", ""GBBRRRR      "", ""GBR          "", ""GBBBRRRRRRRRR"", ""GBBBRRRRRRRRR"", ""GBR          "", ""GBR          "", ""GBBRRRR      "", ""GBBRRRR      "", ""GBBBRRRRRRRRR""]"
catalog-820,820,A tortuous path for one star 2,rafaelromao,3,30,,11,0,up,4,"[4, 5, 3, 3, 5]","[""      bbbbgbbbb"", ""bgb   g       b"", ""b b   brbgbb  b"", ""b b        b  b"", ""b b  bbgbb b  b"", ""b b  b   g g  g"", ""g b  g Bbb b  b"", ""b b  b     b  b"", ""b b  bbbgbbb  b"", ""b b           b"", ""b rbbbbbgbbbbbb"", ""b              ""]"
catalog-849,849,Airplane 2,rafaelromao,3,30,,0,3,right,4,"[2, 4, 0, 0, 0]","[""   bbbgbbb   "", ""     rbr     "", ""      b      "", ""      b      "", ""      b      "", ""GbgbgbgbgbgbG"", ""   b rbr b   "", ""      b      "", ""      b      ""]"
catalog-1124,1124,twirtel,style,3,30,,6,7,right,4,"[8, 8, 0, 0, 0]","[""G               "", ""b               "", ""b               "", ""b               "", ""RbbbbbbbbbbbbbbR"", ""b  GGGGbbRbbGGGR"", ""b      bbR     b"", ""b        G     b"", ""b              b"", ""b              b"", ""b              b"", ""B              G""]"
catalog-1127,1127,(A and B and C),beaza,3,30,,3,0,up,0,"[10, 10, 3, 3, 0]","[""G G GG  G  G    "", ""rbrbrrrbrrbr    "", ""rbrrrrbbrrrr    "", ""rrrrrrbbrbbrg   "", ""            rrrG"", ""Grrr        brb "", "" rbr        rrrG"", ""Grrr        rbb "", ""   grrbrrrrbg   "", ""    rrbbrrrr    "", ""    rrbrrbrr    "", ""    GG  G G     ""]"
catalog-1982,1982,Turnif,ebusiness,2,30,Hard edition available,1,0,right,0,"[10, 10, 0, 0, 0]","[""   g      g  r "", ""gGGBGGGGGGBGGB "", ""             G "", ""   g      r  G "", "" rBBGGGGGGB  G "", ""  G       G  G "", ""  G       Bg G "", ""  G       G  G "", ""  BBGGGGGGBGGBr"", ""  rg      G    "", ""          G    ""]"
catalog-2471,2471,Two ways,anton_s,3,30,,4,6,right,0,"[8, 0, 0, 0, 0]","[""RRRBBBBBBBBBRR"", ""R            R"", ""RRBBBBBBBG   R"", ""         G   B"", ""RBBBBBbBBG   B"", ""         G   B"", ""RRRBBBBBBG   B"", ""R            R"", ""RRBBBBBBBBBRRR""]"
catalog-3109,3109,Pave Your Way II,kraker,2,30,,10,0,right,1,"[4, 4, 4, 4, 0]","[""  BbbbbbrbbbbbB"", ""  b     B     b"", ""  b BbbbbbbbB b"", ""  b b   B   b b"", ""  rBbBbbbbb b b"", ""  b b  B  bBbBr"", ""  b BbbbbbB b b"", ""  b    B    b b"", ""  BbbbbbbbbbB b"", ""       B      b"", ""bbbbbbbrbbbbbbB""]"
catalog-152,152,Tree,snydej,4,118,Colors and recursion,11,7,up,0,"[10, 0, 0, 0, 0]","[""R   R RgbbRbbbgR"", ""b   b  b      b "", ""gbgbg  gbbbbgbg "", ""b b R RgbR  b R "", ""b b         b   "", ""b gbbbbgbbbbg R "", ""b b    b    b b "", ""b bRbgRb  R b b "", ""R b  b b  gbgbg "", ""  b  b b  b   b "", "" Rgbbg b RgbbbbR"", ""     R b      R ""]"
catalog-695,695,Going to Oz,beaza,2,59,Follow the yellow... err green... err red brick road.,10,1,right,0,"[10, 0, 0, 0, 0]","["" bGGGGGGGb bbb  "", "" bGbbbbbGb RRbbb"", "" bGGGb bGb bRRRb"", ""bbbbGb bGb bbbRb"", ""bGGGGb bGbbRRRRb"", ""bGbbbb bGbbRbbbb"", ""bGbbbb bRbbRbbbb"", ""bGGGbb bRbbRRRRb"", ""bbbGGGbbRbbbbbRb"", ""bbbbbGbbRRRb bRb"", ""bgGGGGbbbbRbbbRb"", ""bbbbbbb  bRRRRRb""]"
catalog-94,94,Treasure Hunters,evko,3,235,"Variation on ""Reflection"" theme",5,0,up,0,"[6, 0, 0, 0, 0]","["" rgggr BBB "", ""rggr g BBBB"", ""gg g g B BB"", ""grgr g BBBB"", ""g    g    B"", ""r    BBBBBB""]"
catalog-74,74,Knight,stingray,2,348,,6,1,up,0,"[8, 0, 0, 0, 0]","[""        bgbb  "", ""bgbb    b  bbb"", ""b  bbb  g    B"", ""g    g  bbr   "", ""bbr  b   b    "", "" b  rbb bb    "", "" b    bbb     "", ""        r     ""]"
catalog-175,175,Growth,recursive,4,29,Expanding perimeter,5,4,right,1,"[5, 5, 0, 0, 0]","[""gg  BB  gg"", ""g  BBBB  g"", ""  BBBBBB  "", "" BBBBBBBB "", ""BBBBBBBBBB"", ""BBBBbBBBBB"", "" BBBBBBBB "", ""  BBBBBB  "", ""g  BBBB  g"", ""gg  BB  gg""]"
catalog-258,258,Stack Magic,snydej,4,29,,11,0,right,0,"[10, 10, 5, 5, 0]","[""RRRRRRRRRRRRR   "", ""           BB   "", ""RRRR  RRRRRBB RR"", ""R  B RRRR bBB RG"", ""R  B RR B BBB RB"", ""R  G RR B BBB RB"", ""R  B RRRG GBB RB"", ""RR B    B BBB RB"", ""   BRRR B BBB RB"", ""   BR B G BBB RB"", ""   G  G B GBB RB"", ""bBBRBBRBRBRRRBBR""]"
catalog-414,414,Archimedean Spiral,snydej,4,29,,11,0,right,4,"[10, 10, 10, 0, 0]","["" BBBBBBBBBBB"", "" B         B"", "" B BBBBBBB B"", "" B B     B B"", "" B B BBB B B"", "" B B B B B B"", "" B B   B B B"", "" B BBBBB B B"", "" B       B B"", "" BBBBBBBBB B"", ""           B"", ""grrrrrrrrrrg""]"
catalog-640,640,Star Striped,bahkoo,3,29,,11,0,right,0,"[2, 3, 3, 0, 0]","[""           bbBb"", ""          bbbbb"", ""         bbbbBb"", ""        BbbbBr "", ""       bbbbbb  "", ""      bbbbbb   "", ""     bbbBbb    "", ""    BbbBrb     "", ""   bbbbbb      "", ""  bbBbbb       "", "" BbBrbb        "", ""brbbbb         ""]"
catalog-741,741,Grand Prix VIII,beaza,3,29,"Race your car two laps to the finish, then pit stop",1,8,right,0,"[4, 4, 4, 0, 0]","[""    RBBBR       "", ""   RGGRGbBBBBBR "", ""  RGGB BGGRRRGB "", "" RGGB   r    RGR"", ""RGGB    r    BGB"", ""BGB     bG    RB"", ""BR            RB"", ""BGB           RB"", ""RGGRRB       BGB"", "" RBBGGB     BGGR"", ""    RGGRRRRRGGR "", ""     RBBBBBBBR  ""]"
catalog-2099,2099,Omission ?,kraker,2,29,can't remember to have seen this,2,0,right,0,"[2, 3, 3, 0, 0]","[""BBB"", ""BBB"", ""bBB""]"
catalog-2906,2906,Simple Programming,d0td0td0t,3,29,Just think straight forward.,9,0,right,2,"[5, 5, 6, 7, 5]","[""      bB      "", ""    R bgggRR  "", ""    gRbgggggRR"", ""    ggbgggggRR"", "" R RggbggggRR "", "" gRgggbgggggRR"", "" gggggbgggRR  "", "" gggggbgggggRR"", "" gggggbgggRR  "", ""bbbbbbbB      ""]"
catalog-2992,2992,The Rotator,zetar,2,29,,3,5,down,4,"[4, 4, 0, 0, 0]","[""    gbbg      "", "" gbbg  b  rbbr"", "" b     b  b  b"", "" b   g gg b  b"", "" b   b  b b  b"", ""Bb   b  b b  b"", ""bb   gbbg b  b"", ""bb        b  b"", ""bgbbbgbbbbr  b"", ""b            b"", ""gbbrbbbbbbbbbg""]"
catalog-4605,4605,Marked Bridges,qinn,3,29,,6,0,up,0,"[10, 5, 0, 0, 0]","[""r r r r r r r r "", ""b b b gBb b b b "", ""b gBb b b b b b "", ""b b b b b b b b "", ""b b b b b b b gB"", ""b b b b gBgBb b "", ""gBb b b b b b b "", ""b b b b b b b b "", ""b b b b b b b b "", ""b b gBb b b b b "", ""b b b b b b gBb "", ""r r r r r r r r ""]"
catalog-14955,14955,Level 17,faleite,3,29,Nave,11,1,left,0,"[5, 5, 0, 0, 0]","[""GBBBBBBBBBBBBr"", ""GBBBBBBBBBBB  "", ""GBBBBBBBBBBr  "", ""GBBBBBBBBBr   "", ""GBBBBBBBBr    "", ""GBBBBBBBr     "", ""GBBBBBBr      "", ""GBBBBBr       "", ""GBBBBr        "", ""GBBBr         "", ""GBBr          "", ""Gbr           ""]"
catalog-470,470,Jagged Edge,fatbuddha,3,229,One function should be enough for anybody,1,0,up,0,"[10, 0, 0, 0, 0]","["" R      R      R"", ""rg RR R gR  R  g"", ""ggRgg gRgg  g Rg"", ""gggggRggggR gRgg"", ""ggggggggggg gggg"", ""gggggggggggRgggg"", ""gggggggggggggggg"", ""gggggggggggggggg"", ""gggggggggggggggg"", ""gggggggggggggggg""]"
catalog-398,398,Jekyll and Hyde,cybermg,3,428,There's a method to the madness,9,0,right,0,"[7, 0, 0, 0, 0]","[""rgggggr  rbbr"", ""g     g  b  b"", ""g     g  b  b"", ""g Ggggr  b  b"", ""g        g  b"", ""g        g  b"", ""rggggggggr  b"", ""            b"", ""            b"", ""bbbbbbbbbbbbr""]"
catalog-1347,1347,Coilgun,dogsonofawolf,2,57,Wind-up and release.,2,1,right,0,"[3, 5, 0, 0, 0]","[""rBBBBBBBBBBBBBBB"", ""g rr           B"", ""rggr           B"", ""  rr            ""]"
catalog-311,311,Follow directions II,snydej,4,113,"Red is left, Green is right",9,0,right,0,"[5, 5, 5, 0, 0]","[""   GBBG         "", ""      B         "", "" GBBBBG GBBBBBBG"", "" B      B      B"", "" B      GBBG   B"", "" B         GBG B"", "" GBBBBBBBG   B B"", ""         GBBBG B"", ""               B"", ""bGRRGGRGGGRGRRRB""]"
catalog-639,639,Information Gathering,snydej,4,28,,5,7,up,4,"[10, 10, 0, 0, 0]","[""  GGGGGB BGGG  "", ""  G    G    G  "", ""GGGGGB G  BGGGG"", ""G G  G G  G G G"", ""G BGGG G  GGB G"", ""G      r      G"", ""G GGB  G BGGG G"", ""G G G  G G  G G"", ""BGGGG  G GGGGGB"", ""  G    G    G  "", ""  BGGG GGGGGB  ""]"
catalog-1363,1363,Windmills of your mind,kraker,3,28,"Expanding ""two triangles"" (254)",8,6,down,1,"[10, 5, 5, 5, 0]","[""      RBBBBBBBB"", ""      BBBBBBBB "", ""B     BBBBBBB  "", ""BB    BBBBBB   "", ""BBB   BBBBB    "", ""BBBB  BBBB     "", ""BBBBB BBB      "", ""BBBBBBBB       "", ""RBBBBBgBBR     "", ""     BBBBB     "", ""    BBB BB     "", ""   BBBR  B     ""]"
catalog-1441,1441,Simple instructions VI,mcfig,3,28,,1,1,right,0,"[4, 4, 3, 0, 0]","[""  B "", ""BbbB"", ""  B ""]"
catalog-1617,1617,Left on Invisible Green,katy,3,28,,6,6,right,2,"[5, 10, 5, 5, 0]","[""bbbbbbbbbbbb"", ""b          b"", ""b bbbbbbbb b"", ""b b      b b"", ""b b bbbb b b"", ""b b b  b b b"", ""b b b bb b b"", ""b b b    b b"", ""b b bbbbbb b"", ""b b        b"", ""B bbbbbbbbbb""]"
catalog-2624,2624,A very strange cross,anton_s,2,28,,5,5,right,0,"[6, 3, 3, 5, 0]","["" B BgB     "", "" g g g BggB"", "" g g g g   "", "" BgB g BggB"", ""     g    g"", ""BggggrggggB"", ""g    g     "", ""BggB g BgB "", ""   g g g g "", ""BggB g g g "", ""     BgB B ""]"
catalog-2812,2812,Code strip,kraker,3,28,if green yes,11,0,up,6,"[10, 6, 6, 6, 6]","[""g          B"", ""g         Bb"", ""g        Bbb"", ""B        bbb"", ""g      B bbb"", ""B      b bbb"", ""B      b bbb"", ""B      b bbb"", ""g  B   b bbb"", ""g Bb   b bbb"", ""B bb   b bbb"", ""rbbbbbbbbbbb""]"
catalog-2991,2991,Doris,zetar,3,28,,11,0,right,0,"[6, 10, 5, 0, 0]","[""              gg"", ""              bg"", ""              bg"", ""              bg"", ""              bg"", ""  ggg    ggg  bg"", ""  bgb    bgb  bg"", ""  bgb    bgb  bg"", ""  bRb gggbgb  bg"", ""  b b bRbbgb  bg"", ""  b b b bbRb  bg"", ""bbr bbr br bbbrR""]"
catalog-4039,4039,Borrowed Stack,axorion,3,28,Roses are pushed violets are popped.,0,0,right,0,"[4, 1, 3, 1, 3]","[""rrrrrrrbbbbbbbb"", ""              r"", ""bbbbrrrrrrbbb r"", ""b           r r"", ""r bbbbrrrrb r r"", ""r r       r r r"", ""r r Bbbbbbb b b"", ""r b         b b"", ""b brrrrrbbbbb b"", ""b             b"", ""bbbbbbrrrrrrrbb""]"
catalog-4323,4323,Elementary,axorion,3,28,A textbook solution,0,4,right,0,"[5, 5, 5, 5, 0]","[""  B bbbbbbbbbbbr"", ""  b     b    b b"", ""  b     b B  b g"", ""  b     b b  b b"", ""  g rbB b b  b b"", ""  b b   b rbbb b"", ""  rbbbbbb    b b"", ""        b  B b g"", ""Bbbbbbgbr  b b b"", ""           rbb b"", ""             b b"", ""  Bbbbbgbbbgbr B""]"
catalog-41,41,The windmill,poiuy,2,2015,,4,4,right,0,"[7, 7, 0, 0, 0]","[""     B   "", ""     b   "", ""    bb   "", ""Bbb b    "", ""  bbrbb  "", ""    b bbB"", ""   bb    "", ""   b     "", ""   B     ""]"
catalog-526,526,Bumpin' around,rainault,3,164,All tiles should be blue when you finish the level.,4,7,right,5,"[4, 3, 2, 0, 0]","[""RbR GbR   RbbbR"", ""b b b b   b   b"", ""RbbbbbR   b   b"", ""  b b     b   b"", ""  b GbbbbbGbbbR"", ""  b b     b    "", ""  b b     b    "", ""  b b     b    "", ""GbRbGbbbbbG    "", ""b   b     b    "", ""RbbbR     B    ""]"
catalog-634,634,mountains,timotheeee,2,3759,,11,0,up,0,"[5, 5, 0, 0, 0]","[""rbr rbr rbr rbr "", ""b g b g b g b g "", ""b g b g b g b g "", ""b g b g b g b g "", ""b g b g b g b g "", ""b g b g b g b g "", ""b g b g b g b g "", ""b g b g b g b g "", ""b g b g b g b g "", ""b g b g b g b g "", ""b g b g b g b g "", ""b rgr rgr rgr rG""]"
catalog-91,91,Dangerous Maze,recursive,5,27,"Explore the whole maze, but watch out for potholes!",11,8,up,0,"[10, 10, 10, 5, 0]","["" GGG      GGG   "", ""GBBBGGGG GBBBGG "", ""GBG GBBBG  GBBBG"", ""GBG G GBBG GBG  "", ""GBGGBGGGBGGGBGG "", ""GBGGBBBGBGBBBBBG"", ""GBGGBG GBG   GBG"", ""GBBBBBGGBGGGGBBG"", "" GBG   GBBBBGBG "", ""GBBGG GGBG  GBBG"", ""GBGGBGBGBGGGGGBG"", ""GBBBBBBBbBBBBBBG""]"
catalog-274,274,Symmetry II,snydej,4,27,,11,7,up,0,"[5, 10, 10, 0, 0]","[""brrrrrrbBBBBBBB"", ""       g       "", "" grrrrrbBBBBBB "", "" r     g     B "", ""brrg grbBB BBBB"", "" r r r g B B B "", "" grg b g B BBB "", ""       g       "", ""grrrrrrbBBBBBBB"", ""r      g      B"", ""grb brrbBBB BBB"", ""       g       ""]"
catalog-407,407,cubicles,wallacoloo,3,27,the only thing that matters is the first corner.,0,0,up,4,"[10, 10, 3, 0, 0]","[""bbGbGbB   BbGbB"", ""b b b b   b b b"", ""BbBbBbG   GbBbG"", ""    b b   b b b"", ""  BbBbG BbRbRbG"", ""  b b b b b g g"", ""BbRbGbB GbB RrG"", ""b b     b b r r"", ""BbRbGbGbRbB GgG"", ""  b b b b   g g"", ""  BbBbBbB   GgG"", ""              G""]"
catalog-735,735,Obstructions II,snydej,3,27,,0,15,left,0,"[5, 10, 0, 0, 0]","[""RBBBBBBBBBBBBBBb"", ""RBBBBBBBBBBBBBBB"", ""RBBBBBBBR       "", ""RBBBBBBBBBBR    "", ""RBBBBBBR        "", ""RBBBBBBBBBBBBR  "", ""RBBBBBBBBBBBBBBB"", ""RBBBBBBBBBBBBBBB"", ""RBBBBBBBBBR     "", ""RBBBBBBBBBBBBBBB"", ""RBBBBBR         "", ""RBBBBBBBBBBBBBBB""]"
catalog-746,746,Waterfalls,markbyers,3,27,,0,1,down,0,"[10, 10, 0, 0, 0]","["" b             "", ""gBBBBBBBBBB    "", ""ggggggggggB    "", ""          B    "", ""          B    "", ""       BBBBBBBg"", ""   BBBBBggggggg"", ""   Bggggg      "", ""   B           "", ""   B           "", "" gBBBBBBBBBB   "", "" ggggggggggB   ""]"
catalog-915,915,Stargate,karby,3,27,How to slice the circle?,11,8,right,0,"[2, 5, 5, 5, 0]","[""     bBb     "", ""   bBb bBb   "", ""  Bb     bB  "", "" bb       bb "", "" B         B "", ""bb         bb"", ""B           B"", ""bb         bb"", "" B         B "", "" bb       bb "", ""  Bb     bB  "", ""   bBb bbb   ""]"
catalog-1126,1126,(A or B or C),beaza,3,27,,3,0,up,0,"[10, 10, 0, 0, 0]","[""G GG  G   GG    "", ""bbrbbbrbbbrb    "", ""bbbrbbbbbbrb    "", ""rbbbbbrbbbbrg   "", ""            rrrG"", ""Gbrr        bbb "", "" bbb        bbrG"", ""Gbrb        bbb "", ""   gbbrbbbbrg   "", ""    rbbbbrbr    "", ""    rbrbbbbb    "", ""    G G  G G    ""]"
catalog-1366,1366,Two basic techniques needed,kraker,3,27,Hint is in the stars on blue,11,7,up,2,"[4, 6, 6, 0, 0]","[""RbbbR      G    "", ""b   b  BbbbbbbbB"", ""b   b  BbbbbbbbB"", ""b   b      b    "", ""b G b RR   b    "", ""bBbBb RbbbbR    "", ""bBbBR  b        "", ""RbbbbbbR        "", "" RbbbbbbbbbR    "", "" bb        b    "", "" bbBbbbbbbBb    "", "" RRBbbbbbbBR    ""]"
catalog-1877,1877,Two stacks,lendesg,2,27,first stack in F2 and second stack in F3,11,0,right,0,"[2, 7, 5, 0, 0]","[""          BbBbB "", ""          b r b "", ""      GbbGBbrbB "", ""      b  b  r   "", ""      b  b  r   "", ""      R  BbbB   "", ""      b  b  b   "", ""      b  b  b   "", ""      GbbG  GbbB"", ""               b"", ""               b"", ""rrrrrrrrrrrrbbbB""]"
catalog-2034,2034,Flight through the void,vincent,3,27,Avoid the void...,1,3,right,0,"[9, 0, 0, 0, 0]","[""bbbbbbbbbbbbbg"", ""B BbBBBBBBBBBg"", ""bbbbbbbbbbbbbg""]"
catalog-2071,2071,one,onqt,2,27,one what ?,2,6,right,0,"[6, 3, 3, 0, 0]","[""bbb bbbbgbb"", ""b b b     b"", ""b g g bbb g"", ""b b b   b b"", ""g B bbbbb b"", ""b         b"", ""bbrbbbgbgbb""]"
catalog-2829,2829,Whirling Dervishes ,kraker,3,27,whirl your way up and down,10,1,right,1,"[2, 5, 0, 0, 0]","[""          R"", ""         gb"", ""         br"", ""         bb"", ""   gbgbbbgb"", "" rbbr     b"", "" b     rbbr"", "" bgbbbgbg  "", "" bb        "", "" rb        "", ""Rbg        ""]"
catalog-3027,3027,The L,yaxlat,3,27,TurnStacker,6,2,right,0,"[3, 3, 0, 0, 0]","[""G    "", ""b    "", ""b    "", ""b    "", ""b    "", ""b    "", ""GbbbG""]"
catalog-4837,4837,Eel,shaggy12,2,27,,11,10,right,7,"[10, 0, 0, 0, 0]","[""Br          "", "" rr         "", ""  rr        "", ""   rr       "", ""    rr      "", ""     rr     "", ""      rr    "", ""       rr   "", ""        rr  "", ""         rr "", ""          rR"", ""          rR""]"
catalog-14010,14010,group1,bli62,2,54,,5,0,right,0,"[6, 0, 0, 0, 0]","[""     R     "", ""    bbb    "", ""   bb bb   "", ""  bb   bb  "", "" bb     bb "", ""bb       bR"", "" bb     bb "", ""  bb   bb  "", ""   bb bb   "", ""    bbb    "", ""     R     ""]"
catalog-204,204,Let the lines guide you,igoro,2,1147,An easy puzzle for once ;-),9,0,right,0,"[5, 5, 0, 0, 0]","[""GBBBBBBBBBBBBG"", ""BGBBBBBBBBBBGB"", ""BBGBBBBBBBBGBB"", ""BBBGBBBBBBGBBB"", ""BBBBGBBBBGBBBB"", ""BBBBRBBBBGBBBB"", ""BBBRBBBBBBGBBB"", ""BBRBBBBBBBBGBB"", ""BRBBBBBBBBBBGB"", ""rBBBBBBBBBBBBG""]"
catalog-410,410,black windows,matush,3,319,paint your way,4,8,right,7,"[8, 0, 0, 0, 0]","[""BbBbBbBbBbBbB"", ""b   b   b   b"", ""B   B   B   B"", ""b   b   b   b"", ""BbBbBbBbbbBbB""]"
catalog-2699,2699,Only a square,anton_s,2,53,,4,8,left,2,"[6, 0, 0, 0, 0]","[""BBRBB      "", ""B   B      "", ""R BBRBB    "", ""B B   B    "", ""BBR BBRBb  "", ""  B B   B  "", ""  BBR   RBB"", ""    B   B B"", ""    BBRBB R"", ""      B   B"", ""      BBRBB""]"
catalog-168,168,Simple flattening,prudnikoff,2,2008,,0,7,right,4,"[5, 0, 0, 0, 0]","[""RgbrgbrgbrgbrgbR""]"
catalog-87,87,Red run,,3,286,All work and no play...,0,0,right,0,"[5, 3, 0, 0, 0]","[""bbbbbbbgggggggg"", ""             b "", ""             b "", ""   g         b "", ""   gbbbgggg  b "", ""   g     b   b "", ""   g    Rg   g "", ""   b     g   g "", ""   b         g "", ""   b         g "", ""  ggggggbbbbbg "", ""             g ""]"
catalog-226,226,"The Big ""H""",wallacoloo,4,26,skip & return,5,2,right,0,"[5, 4, 4, 0, 0]","[""B   B"", ""g   g"", ""b   b"", ""b   b"", ""bb bb"", ""rbbbr"", ""bb bb"", ""b   b"", ""b   b"", ""g   g"", ""B   B""]"
catalog-465,465,Majority Rule,markbyers,3,26,,0,0,right,0,"[10, 5, 5, 5, 0]","[""bbbbgrrB B      "", ""       b b BggrB"", ""BgrgbB b b b   g"", ""b    r b b r   g"", ""g    g g BrrgB g"", ""g    g g   r r b"", ""r    BgrrbbB g b"", ""BrgrB  BbbbbrggB"", ""    g        b  "", ""    g        b  "", ""    g        b  "", ""    BbbbbbgrgB  ""]"
catalog-978,978,learning stack,timotheeee,3,26,,5,0,right,2,"[9, 2, 0, 0, 0]","[""     BB         "", ""      BB        "", ""       BB       "", ""        BB  BGB "", ""         BBBB BB"", ""bBBBBBBBBBRB   G"", ""         bbBB BB"", ""        bb  BGB "", ""       bb       "", ""      bb        "", ""     bb         ""]"
catalog-1128,1128,(A xor B),beaza,3,26,,2,0,up,0,"[5, 5, 10, 0, 0]","[""G GG G   G GG   "", ""brrbbrbrrbbrr   "", ""bbrbrrrbbbrrrg  "", ""             rrG"", ""   GGG GG    br "", ""   brbrbr    bbG"", ""  gbrbbbrg   rrG"", "" br      bbG br "", ""Grr          rb "", ""  gbrrrbrbbbrg  "", ""   brbbrbbbrr   "", ""   GG    GG G   ""]"
catalog-2016,2016,Spiral 2,benjaminrr,3,26,,8,0,up,0,"[4, 5, 0, 0, 0]","[""rbbbbbbbr B"", ""b       b b"", ""b bbbbb b b"", ""b b   b b b"", ""b b rrb b b"", ""b b b   b b"", ""b b rbbbr b"", ""b b       b"", ""b bbbbbbbbb""]"
catalog-2168,2168,Spring 2,keba,3,26,,11,5,right,4,"[8, 0, 0, 0, 0]","["" rrrrrrrrrrr"", "" r         r"", "" r rrrrrrr r"", "" r r     r r"", "" r r rrr r r"", "" r r R r r r"", "" r r   r r r"", "" r rrrrr r r"", "" r       r r"", "" rrrrrrrrr r"", ""           r"", ""Gggggggggggr""]"
catalog-2608,2608,A strange cross,anton_s,3,26,,5,5,right,0,"[6, 5, 0, 0, 0]","["" RGGGR     "", "" G   G RGGR"", "" G R G G  G"", "" RGR G RR G"", ""     G    G"", ""RGGGGbGGGGR"", ""G    G     "", ""G RR G RGR "", ""G  G G R G "", ""RGGR G   G "", ""     RGGGR ""]"
catalog-2738,2738,Bromidic Platitud,axorion,3,26,The perfect name for a hackneyed puzzle.,11,0,up,0,"[6, 6, 3, 3, 0]","[""R  R  R  R  R  R"", ""b gb  b  b  b  b"", ""b b  gb  b  b  b"", ""b b gb  gb  b  b"", ""b b b  gb  gb  b"", ""b b b gb  gb  gb"", ""b b b b  gb  gb "", ""b b b b gb  gb  "", ""b b b b b  gb R "", ""b b b b b gb  b "", ""b b b b b b R b "", ""bbbbbbbbbbbbbbbB""]"
catalog-4200,4200,small logarithmic pyramid,denisb,2,26,(hope easy one),5,0,right,0,"[5, 5, 0, 0, 0]","[""               G"", ""              bG"", ""             BBG"", ""           BBBBG"", ""       BBBBBBBBG"", ""bBBBBBBBBBBBBBBG""]"
catalog-380,380,Two Paths,cybermg,3,464,Can you take both?,0,6,right,0,"[4, 4, 4, 0, 0]","[""bggggggggggggb"", ""g            g"", ""g            g"", ""g            g"", ""g            g"", ""g            g"", ""g            g"", ""G            G""]"
catalog-112,112,Dizziness,evko,3,180,Count steps and turn,9,0,up,0,"[2, 3, 0, 0, 0]","[""  rbbbgbbbbr "", ""  gr       b "", ""   b       b "", ""   b GG    gg"", ""rbbg GGbbbg b"", ""b         b b"", ""b         b b"", ""b      rbbg b"", ""b      rbbbbr"", ""b            ""]"
catalog-82,82,One Star 2,glum,3,128,It's easy too...,5,1,left,0,"[4, 5, 0, 0, 0]","["" gggggggggggg "", ""g         ggBg"", ""g        ggrgg"", ""g       ggrg g"", ""g      ggrg  g"", ""ggggggggrg   g"", "" gggggggggggg ""]"
catalog-108,108,First kind of memory,evko,3,179,"it's hint to ""Two kind of memory""",6,6,right,0,"[3, 3, 0, 0, 0]","[""gggggrrrg gggrg"", ""r       g r   g"", ""r       g r   g"", ""r       g g   g"", ""g       r g   g"", ""g       r g   r"", ""g     rgg G   r"", ""g             r"", ""grrrrrrgggggggg""]"
catalog-165,165,Paint your way to the stars,igoro,2,230,"Use the ""paint red"" command!",1,6,right,1,"[4, 0, 0, 0, 0]","[""BBbbbbbbbbbbBB"", ""BBbbbbbbbbbbBB""]"
catalog-185,185,Explore the world 2,igoro,4,25,No need to be exponential...,9,0,right,1,"[4, 10, 0, 0, 0]","[""rrrrrrrrrrrr  "", ""BBBBBBBBBBBr  "", ""BBBBBBBBBBBr  "", ""Br      Br    "", ""Br  rrr Br rrr"", ""Br  BBr Br BBr"", ""Br  BBr BrrBBr"", ""BrrrBBrrBBBBBr"", ""BBBBBBBBBBBBBr"", ""bBBBBBBBBBBBBr""]"
catalog-234,234,"""Shuriken""",alvarom,3,75,can you beat the ninja star?,4,3,right,1,"[10, 5, 0, 0, 0]","[""  BB    "", ""  BB    "", ""   b  BB"", ""   bbbBB"", ""BBbbb   "", ""BB  b   "", ""    BB  "", ""    BB  ""]"
catalog-342,342,Complete Grid,recursive,3,25,,10,0,up,0,"[10, 10, 5, 0, 0]","[""RBBBBBBBBBBBBBR"", ""B B B B B B B B"", ""BBBBBBBBBBBBBBB"", ""B B B B B B B B"", ""BBBBBBBBBBBBBBB"", ""B B B B B B B B"", ""BBBBBBBBBBBBBBB"", ""B B B B B B B B"", ""BBBBBBBBBBBBBBB"", ""B B B B B B B B"", ""rBBBBBBBBBBBBBR""]"
catalog-466,466,Traversing The Hypotenuse,wallacoloo,3,25,,11,0,up,1,"[10, 5, 10, 10, 10]","[""B RR          "", ""B RRR         "", ""R RRRR        "", ""R R RRR       "", ""B RR RRR      "", ""R RRR RRR     "", ""R R RR RRR    "", ""R R  RR RRR   "", ""B RR  RR RRR  "", ""R RRR  RR RRR "", ""R R RR  RR RRR"", ""gGGBBBBBBBBBBB""]"
catalog-563,563,Symmetry - Diagonal Path,markbyers,4,25,,8,7,left,0,"[5, 5, 5, 0, 0]","["" bbbbb    rrrrr "", ""bbGbGbb  rrRrRrr"", ""bGbGbGbbrrRrRrRr"", ""bbbbbbGbrRrrrrrr"", ""   bbGbbrrRrr   "", ""  bbGbb  rrRrr  "", "" bbGbb    rrRrr "", "" bGbb bbrr rrRr "", "" bbGbbbgRrrrRrr "", ""  bbGbGbrRrRrr  "", ""   bbGbbrrRrr   "", ""    bbb  rrr    ""]"
catalog-976,976,another ninja star,timotheeee,3,25,,3,3,right,1,"[8, 0, 0, 0, 0]","["" BBBG   "", "" B  GBBB"", "" B  G  B"", ""GGGgG  B"", ""B  GGGGG"", ""B  G  B "", ""BBBG  B "", ""   GBBB ""]"
catalog-996,996,Pac Man,beaza,3,25,,6,6,left,0,"[5, 5, 0, 0, 0]","[""BBBBB  BBBBB"", ""B B B  B B B"", ""BBRBB  BBRBB"", ""B B B  B B B"", ""BBBBGBBGBBBB"", ""    B  B    "", ""BBBBGBbGBBBB"", ""B B B  B B B"", ""BBRBB  BBRBB"", ""B B B  B B B"", ""BBBBB  BBBBB""]"
catalog-1563,1563,Counting disharmony,kraker,2,25,There is a 5-3-2-2 and a 6-2-2 solution (and probably more).,4,8,right,0,"[6, 3, 2, 2, 0]","[""R   rbbbbrrrrrr"", ""r   r         b"", ""r   r         b"", ""r   r         b"", ""r   b   brr   b"", ""b   b     b   b"", ""b   b     r   r"", ""b   rrrrbbr   r"", ""b             r"", ""b             r"", ""b             r"", ""rrrrrrrrbbbbbbr""]"
catalog-1612,1612,pushd,dannythorne,3,25,,11,0,up,0,"[4, 4, 4, 4, 4]","[""BBBBBB          "", ""     BgrBBBBBB  "", ""BB          BB  "", ""gB          g   "", ""gB          r   "", ""BB BBgrggrggrgB "", ""BBBB        B BB"", ""Brg         BBBB"", ""Bgr          BB "", ""Brg             "", ""BBBBrggBBBBBBBBB"", ""b BBBBBBBBBBBrrB""]"
catalog-2456,2456,Free Victory!,benjaminrr,2,25,,11,0,right,0,"[7, 3, 0, 0, 0]","["" rrrrrr  BBBB gg"", ""rrrrrr  BBBBB gg"", ""rrrrr  BBBBBB gg"", ""rrrr  BBBBBB   g"", ""rrr  BBBBBB  r  "", ""rr  BBBBBB  rrr "", ""r  BBBBBB  rrrrr"", ""  BBBBBB   rrrrr"", "" BBBBBB  g  rrrr"", "" BBBBB  ggg  rrr"", "" BBBB  ggggg  rr"", ""bBBB  ggggggg  r""]"
catalog-2458,2458,Once or Twice,axorion,3,25,Looks more difficult than it is. Just use a bit of logic.,8,3,up,0,"[5, 5, 5, 0, 0]","[""   Bbbrbbbbbbbg"", ""   b     b  b b"", ""   b     r  b b"", ""   b     bbbg b"", ""BbrbbbB  b    b"", ""b  b  r  b Bbbb"", ""b  gbbbbbB     "", ""b  b r         "", ""b  b b         "", ""gbbbbB         ""]"
catalog-2952,2952,Turning Tricks,axorion,3,25,"""I'm not bad I'm just drawn that way."", Jessica Rabbit ",10,15,up,0,"[6, 5, 0, 0, 0]","[""       gbbbbbbb "", ""       b      b "", ""bbbbbbbb      b "", ""b             b "", ""b     rbbb    b "", ""b  bbbb  bbg  br"", ""rb b       bbg b"", "" b gbb       b b"", "" b   B    bbbb b"", "" b     bbbr    b"", "" bbbbbbr       b""]"
catalog-3102,3102,Autumn,kraker,2,25,Easier than Spring,6,0,right,1,"[5, 5, 0, 0, 0]","[""  GrrrrrrrrrrrrG"", ""  r            r"", ""  r GrrrrrrrG  r"", ""  r r       r  r"", ""  r r GrrrG r  r"", ""  r r r   r r  r"", ""rrGrGrGrGrGrGrrG"", ""  r r GrG r r   "", ""  r r     r r   "", ""  r GrrrrrG r   "", ""  r         r   "", ""  GrrrrrrrrrG   ""]"
catalog-3205,3205,3 o'clock,shaggy12,3,25,,6,7,up,7,"[8, 0, 0, 0, 0]","[""ggggggggggggggg"", ""g      g      g"", ""g      R      g"", ""g      b      g"", ""g      b      g"", ""g      b      g"", ""g     RbbbbbbRg"", ""g      b      g"", ""g      R      g"", ""g             g"", ""g             g"", ""ggggggggggggggg""]"
catalog-3597,3597,Swirly Sue's Stack,avarga,3,25,,5,13,right,4,"[3, 3, 0, 0, 0]","[""     RbbbGbbbbR"", ""GG   b GbbG   b"", ""GbbR b b bb   b"", "" b   b b bb   b"", "" bGbbbbG bb   b"", "" bb  GbbbRbbGbR"", "" bb  b   bb b  "", "" bGbbG   bb b  "", "" b       GbbG  "", "" b        b    "", "" GbbbbbbbbGbG  ""]"
catalog-9907,9907,ProMan,niksan,1,25,,0,2,right,2,"[5, 0, 0, 0, 0]","[""BbbBbbR"", ""   b  b"", ""   b  b"", ""   RbbR""]"
catalog-15093,15093,vid test Level 8,pschbb12,2,25,ICbDJpHTEnQ t=927,2,5,right,0,"[4, 0, 0, 0, 0]","[""BBB      BBB"", ""B B      B B"", ""BBggggggggBB"", ""  g      g  "", ""  g      g  "", ""  g      g  "", ""  g      g  "", ""  g      g  "", ""BBggggggggBB"", ""B B      B B"", ""BBB      BBB""]"
catalog-615,615,Turn around,markbyers,3,1348,,0,6,left,0,"[10, 0, 0, 0, 0]","[""bbbbbbbbbbbbbbbB""]"
catalog-761,761,mirror percent,timotheeee,2,49,,0,11,left,0,"[7, 5, 0, 0, 0]","[""RBBBBBBBBBBb"", ""BRBBBBBGGGGB"", ""BBRBBBBGGGgB"", ""BBBRBBBGGGgB"", ""BBBBRBBGGGgB"", ""BBBBBRBBBBbB"", ""BBBBBBRBBBbB"", ""BGGGGBBRBBbB"", ""BGGGGBBBRBbB"", ""BGGGGBBBBRbB"", ""BggggbbbbbrB"", ""BBBBBBBBBBBR""]"
catalog-909,909,Stack and Turn 2,markbyers,3,49,This two function counting technique is useful to know for the Symmetry puzzles.,9,0,up,0,"[3, 2, 2, 0, 0]","[""rR"", ""r "", ""r "", ""r "", ""r "", ""b "", ""b "", ""b "", ""b "", ""b ""]"
catalog-88,88,Incomplete grid,igoro,3,361,,10,8,up,0,"[5, 5, 10, 0, 0]","[""        B B    "", ""        b b    "", ""  B   BbgbgbB  "", ""  b     b b    "", ""BbgbB BbgbB B  "", ""  b b b b b b  "", ""BbgbgbgbgbgbgbB"", ""  b b b b b b  "", ""BbgbB BbgbB B  "", ""  b     b      "", ""  B   BbgbB    ""]"
catalog-302,302,Use the map II,snydej,4,24,,11,3,up,0,"[5, 10, 10, 0, 0]","[""bbbbbbbb       "", ""bbbbGGGb RRR   "", ""bGGGGbGb R RRRR"", ""bGbbbbGb R    R"", ""bGGGGGGGRRRRRRR"", ""bbbbbbGb R     "", ""bGGGGGGb RRRRRR"", ""bGbbbbbb      R"", ""bGbGGGGb RRRR R"", ""bGbGbbGb R  R R"", ""bGGGGGGb RRRRRR"", ""bbbgbbbb    R  ""]"
catalog-308,308,Blobs and Bridges,snydej,4,24,,6,7,right,0,"[10, 10, 0, 0, 0]","[""  GG       GGG  "", "" GRRG     GRRRG "", ""GRRRG     GRRRRG"", "" BGG       GGRRG"", "" B     GG  GRRRG"", "" B G  GRRBBBRGG "", "" BGRBBBrRG  G   "", ""GRRRG  GG       "", ""GRRRRG    GGG   "", ""GRRRRRBBBBRRRG  "", "" GRRRG    GRRG  "", ""  GGG      GG   ""]"
catalog-322,322,Bigger is better,snydej,4,24,,1,0,right,0,"[6, 8, 0, 0, 0]","[""  B          B  "", ""rBR bRRRRRRRBR  "", ""  R    B     R  "", ""  R    R     R  "", ""  B    R B   R  "", "" BRRRRBR R   B  "", ""       R RBRRRRB"", ""BRRBR  B R      "", "" B       R      "", "" R       B      "", "" RBRRRRRRRRRRRRB"", "" B              ""]"
catalog-412,412,Triangle,snydej,3,24,,7,0,right,0,"[10, 10, 5, 5, 0]","[""       B       "", ""      BBB      "", ""     BBBBB     "", ""    BBBBBBB    "", ""   BBBBBBBBB   "", ""  BBBBBBBBBBB  "", "" BBBBBBBBBBBBB "", ""rGGGGGGGGGGGGGG""]"
catalog-442,442,Burnt Bridges,markbyers,4,24,,0,0,right,0,"[10, 5, 5, 5, 5]","[""bbbbbbbbbbbbbbbg"", ""bRbbRbRbbbRRbRbb"", ""               b"", "" R  R R   RR R b"", ""bbbbbbbbbbbbbbbg""]"
catalog-462,462,Just a spiral,willbir,3,24,,6,7,right,0,"[3, 3, 2, 0, 0]","[""gBbbgBgbbGbgBBbg"", ""b              b"", ""B              B"", ""g gbGbbgBbgBbg G"", ""b b          B b"", ""B G          G B"", ""g g    gbGbGbg g"", ""b B            B"", ""g gbbBgbGbgBBgbg"", ""B               "", ""b              B"", ""gbbgbBbgbBbgbBbg""]"
catalog-467,467,Traversing The Hypotenuse (finished),wallacoloo,3,24,This is the way it was meant to be...,11,0,up,1,"[10, 10, 10, 10, 10]","[""B BB          "", ""B BBB         "", ""R BBBB        "", ""R B BBB       "", ""B BB BBB      "", ""R BBB BBB     "", ""R B BB BBB    "", ""R B  BB BBB   "", ""B BB  BB BBB  "", ""R BBB  BB BBB "", ""R B BB  BB BBB"", ""gGGBBBBBBBBBBB""]"
catalog-486,486,Follow The Snakes,markbyers,3,24,,1,0,right,0,"[10, 10, 10, 10, 0]","[""GGGGR  GGGGGR   "", ""bbbbbbbbbbbbbbr "", ""    GGGR    GGb "", ""             Gb "", ""GGGGR  GGGR  RbG"", ""Grbbbbbbbbb   bG"", ""Gb  GGGR     GbR"", ""GbR          Gb "", "" bG          RbG"", "" bGGG RGGGGG  bG"", "" rbbbbbbbbbbbbrG"", ""    RGG    RGGGG""]"
catalog-645,645,Lessons Learned,bahkoo,3,24,Obstacle Course! Play other puzzles if you're having difficulty with a section!,8,14,left,0,"[5, 3, 4, 7, 6]","[""RbbbbbbbbbbbbbbR"", ""b        b      "", ""G        b bbbbb"", ""b RRRRR  b bGGGb"", ""G R   R  b bG Gb"", ""b R   R  G bG Gb"", ""b R   R  b bG Gb"", ""b R   R  b bGGGb"", ""G     R  b bbbbR"", ""b     R  b     G"", ""b     R  bbbGbbb"", ""RRRRRRR         ""]"
catalog-1049,1049,Compact Instructions,sticky,3,24,Half-sized instructions,8,7,up,0,"[5, 5, 5, 0, 0]","[""          RRR R"", ""          R R R"", ""          RRRRR"", ""gbbbg       R  "", ""b  gbbbg  RRRRR"", ""b  ggggb  R R R"", ""R    gBGR RRR R"", ""R    gBgR     R"", ""R    gGbRRRRRRR"", ""R       R      "", ""RRRRRRRRR      ""]"
catalog-1060,1060,Red Continuation,rafaelromao,3,24,,11,0,up,0,"[5, 5, 0, 0, 0]","[""             R"", ""           rrr"", ""           r  "", ""         rrr  "", ""         r    "", ""       rrr    "", ""       r      "", ""       b      "", "" gbbbbbg      "", "" b            "", ""gg            "", ""b             ""]"
catalog-1189,1189,Variable Crosses Lite,keba,3,24,Add one per turn. Have we started too close?,3,7,right,0,"[4, 5, 0, 0, 0]","[""   G    G    "", ""   g    g    "", ""   g    g    "", "" GgrggbgrgggG"", ""   b    g    "", ""   g    g    "", ""   g    g    "", ""   g    b    "", ""GggrbgggrgG  "", ""   g    g    "", ""   G    g    "", ""        G    ""]"
catalog-1201,1201,Synapses,sticky,3,24,,11,0,right,0,"[5, 5, 10, 0, 0]","[""    R      R    "", ""    B      B R  "", ""RBBBBBBBBBBGBB  "", ""  B B      B B  "", ""RBGBBBBBBBBB B  "", ""  B B    B B B  "", ""  B B    G B G  "", ""RBBBBGBR BBGBBBR"", ""  B b    B B    "", ""  R R    R B    "", ""           B    "", ""bBBBGBBBBBBBBBBR""]"
catalog-1288,1288,Harp stacking,style,2,48,,11,0,up,0,"[9, 0, 0, 0, 0]","[""R R R R R R"", ""b b b b GbR"", ""b b b b b  "", ""b b b GbR  "", ""b b b b    "", ""b b GbR    "", ""b b b      "", ""b GbR      "", ""b b        "", ""GbR        "", ""b          "", ""b          ""]"
catalog-1357,1357,treesearch,spliffen,3,24,hoping to learn something from this...,0,7,down,0,"[10, 5, 6, 4, 5]","[""       r       "", ""       b       "", ""       b       "", ""       b       "", ""   rbbbrbbbr   "", ""   b       b   "", ""   b       b   "", ""rbbrbbr rbbrbbr"", ""b     b b     b"", ""b     b b     b"", ""G     G G     G""]"
catalog-1465,1465,Ends II,sticky,3,24,Or 'Huh Part3',2,13,down,0,"[5, 10, 5, 0, 0]","[""bbbbbbbbbbrb brb"", ""r          b r b"", ""b bbbbbbrb b b b"", ""b r      b b b b"", ""b b bbrb b b b b"", ""b b r  G b b b b"", ""b b b    r b b b"", ""b b brbbbb b b b"", ""b b        r b b"", ""b brbbbbbbbb b b"", ""b            r b"", ""brbbbbbbbbbbbb G""]"
catalog-1469,1469,Incremental,axorion,3,24,Fall through plus one. (My version of a classic),5,4,right,0,"[5, 5, 0, 0, 0]","[""          B     "", ""     B    B     "", ""     B    B     "", ""     B    B     "", ""     B    B     "", ""BBBBbRBBBBGBBBBB"", ""     B    B     "", ""     B    B     "", ""     B    B     "", ""     B          "", ""     B          "", ""     B          ""]"
catalog-1511,1511,Combo Breaker,snydej,3,24,,11,0,up,0,"[5, 5, 5, 5, 5]","[""RB            "", ""B             "", ""RGBRGBG       "", ""G             "", ""RGG           "", ""RGBRGR        "", ""RGBG          "", ""RGBRGBRR      "", ""RGBRGBRGBB    "", ""RGBRGBRGBRGBRR"", ""RGBRGR        "", ""rGBRGBRGBRB   ""]"
catalog-1519,1519,Meandering Margins,axorion,3,24,Linear symmetry with a nesty little twist.,1,0,right,0,"[10, 4, 4, 0, 0]","["" R   R   R R   B"", ""bb R b R b b R b"", "" b b b b b b b b"", "" b bbb b b b b b"", "" b b b b b bbb b"", "" b b b bbb b b b"", "" b b b b bbb b b"", "" b b bbb b b b b"", "" b b b b b b bbb"", "" bbb b b b b b b"", "" R b R b b R b R"", ""   R   R R   R  ""]"
catalog-1542,1542,Interception,kraker,3,24,Shift technique at the proper moment,6,0,right,0,"[5, 10, 5, 5, 0]","["" RRRRRRRRbb   "", ""RbbbbbbbbRb   "", ""Rb      bRb   "", ""RbbbbbbbgRgbbb"", "" RRRRRRRR    b"", ""          Bbbb"", ""bbbg        b "", ""   b B   gbbb "", ""   b b B b    "", ""   bbb b b    "", ""     bbb b    "", ""       bbb    ""]"
catalog-1684,1684,Left Turn,sticky,3,24,Inspired by 5-command 'Split Personality',11,14,up,0,"[5, 0, 0, 0, 0]","[""   Gb      GG   "", ""   Gbbbbbbbbb   "", ""Gb  b      b  GG"", ""Gbbbbbbbbbbbbbbb"", "" b  b      b  b "", "" b bbbbbG  b  b "", "" b GG  GG  b  b "", "" b Gbbbbb  b  b "", "" b         b  b "", "" b         b  b "", ""bbbbbbbbbbbbG b "", ""GG         bG b ""]"
catalog-1723,1723,Direction Deception - Red Arrow,masterluk,3,24,Defy the red arrow.,10,0,up,6,"[7, 0, 0, 0, 0]","[""rGGGGGGGGGr"", ""rGGGGGGGGrG"", ""rGGGGGGGrGG"", ""rGGGGGGrGGG"", ""rGGGGGrGGGG"", ""rGGGGrGGGGG"", ""rGGGrGGGGGG"", ""rGGrGGGGGGG"", ""rGrGGGGGGGG"", ""rrGGGGGGGGG"", ""rrrrrrrrrrr""]"
catalog-1870,1870,Double your count...,lendesg,2,24,half?,0,0,right,0,"[5, 6, 0, 0, 0]","[""bBBBBBGBBBBBBBBB"", ""      B        B"", ""      B        B"", ""      B        B"", ""      B        G"", ""      BBBGR    B"", ""          B    B"", ""          B    B"", ""          G    B"", ""          B    B"", ""          BBBGBB""]"
catalog-1990,1990,Count to 3,ebusiness,3,24,"Add 1 on blue, subtract 1 on green, turn and reset when the sum is 3.",9,0,right,0,"[8, 10, 6, 6, 0]","[""BBBBgggBgBBBgB"", ""B            B"", ""B            g"", ""             B"", ""BBBggBBBgBgB B"", ""B          B g"", ""B          g B"", ""BgBBgBBgBggBBB"", ""           B  "", ""rBBgBggBgBBB  ""]"
catalog-2604,2604,Left or Right?,mooofdoom,3,24,Use the reds to help you decide...,0,0,right,0,"[4, 3, 0, 0, 0]","[""bRbRbbbRbbbbbbbg"", ""               b"", ""    gRbbbRRbRg R"", ""    b       gbbg"", ""    b       bb  "", ""    R  gbbbRRg  "", "" gRRg  b    R   "", "" b     R    gbRg"", "" b     b       R"", "" b   gRgRbRbRRRg"", "" b   R b        "", "" gbRRg gbbbbbbbR""]"
catalog-2733,2733,Stack-extra,kraker,3,24,,9,0,right,0,"[6, 6, 5, 2, 0]","["" B              "", ""BG  B           "", "" bbbG B         "", ""    bbG    B    "", ""      bbbbbG    "", ""           bbbbR"", ""      bbbbbG    "", ""    bbG         "", "" bbbG           "", ""bG              ""]"
catalog-2982,2982,Telephone,benjaminrr,3,24,*ring ring*,0,0,right,1,"[7, 0, 0, 0, 0]","[""rbBbR          "", ""b b bbbbbbbbbbr"", ""BbbbB     rBbbB"", ""b b b     bbbbb"", ""RbBbR     Bbb b"", ""          rbbBr"", ""   rBBBr     B "", ""   BBbbBBBBBBB "", ""   BrBBrbbbbbB "", ""   Bbbbb bbbbB "", ""   rBBBBBBBBBr ""]"
catalog-587,587,The Cross,diechort,2,1957,It's a a cross,4,4,down,0,"[4, 4, 0, 0, 0]","[""    B    "", ""    g    "", ""    b    "", ""    b    "", ""BgbbrbbgB"", ""    b    "", ""    b    "", ""    g    "", ""    B    ""]"
catalog-278,278,Return of the Robo,abhishikt,2,381,,0,0,down,0,"[3, 7, 0, 0, 0]","[""bBB      "", ""B B      "", ""BBBBB    "", ""  B B    "", ""  BBBBB  "", ""    B B  "", ""    BBBBB"", ""      B B"", ""      BBR""]"
catalog-1211,1211,Stacking for newbies,style,2,119,,0,0,right,0,"[5, 0, 0, 0, 0]","[""bbbbbbbgggggggb"", ""              b"", ""bbbbbbggggggb b"", ""g           b b"", ""g bbbbggggb b b"", ""g g       g g g"", ""g g Bbbbbbb g g"", ""b b         g g"", ""b bgggggbbbbb g"", ""b             g"", ""bggggggbbbbbbbb""]"
catalog-151,151,Graph,recursive,3,379,Upsides and Downsides,5,0,right,0,"[8, 7, 2, 0, 0]","[""           G    "", ""           b    "", ""      G    b    "", ""      b G  bG   "", ""      b b  bb   "", ""bbrrbrgbgrbggbrB"", ""  bb b   b    b "", ""  Rb b   R    b "", ""   b R        b "", ""   R          b "", ""              b "", ""              R ""]"
catalog-20,20,Spiral to victory,igoro,2,517,,6,6,right,0,"[5, 5, 5, 0, 0]","[""brrrrrrrrrrr"", ""b          b"", ""b grrrrrrr b"", ""b g      g b"", ""b g brrr g b"", ""b g b  b g b"", ""b g b rb g b"", ""b g b    g b"", ""b g rrrrrg b"", ""b g        b"", ""B rrrrrrrrrb""]"
catalog-577,577,Symmetry - Right on Green,markbyers,3,47,,0,0,right,0,"[5, 5, 0, 0, 0]","[""bbbbg  rrrrR"", ""    b  r    "", ""  GbbbrrrR  "", ""  b b  r r  "", ""  GbG  RrR  ""]"
catalog-755,755,Blue Star Bizzar,ammonzing,2,47,Worm Hole! in Timespace!,6,7,right,2,"[4, 4, 2, 0, 0]","[""RggggggggggggggR"", ""b              g"", ""g RggggggggggR g"", ""b g          g g"", ""g g RggggggR g g"", ""b g g      g g g"", ""Rgbgbgbgbgbgbgbg"", ""b g g      R g g"", ""g g g        g g"", ""b g RggggggggR g"", ""g g            g"", ""B RggggggggggggR""]"
catalog-2464,2464,Foursquare puzzle,anton_s,2,70,,10,7,up,0,"[7, 0, 0, 0, 0]","[""RRR BBBB   BBBB"", ""R R B  B   B  B"", ""RRG B  B   B  B"", ""  G BGGGGGGGBBB"", ""  G    G   G   "", ""  G    G   G   "", ""  G    G   G   "", ""RRGGGGGGGGGGRR "", ""R R    G   R R "", ""RRR    G   RRR "", ""       g       ""]"
catalog-218,218,Mod 3 II,snydej,4,23,The red tile are 1. The blue tiles are 0. They form binary numbers (MSB first).,5,6,right,0,"[4, 3, 5, 0, 0]","[""GBG GRBBRBBRRRBG"", ""R B B          B"", ""R R R      GG  R"", ""R R GBRGRBGRb  B"", ""R R       BBR  R"", ""GBRB  bBBBGRR  R"", ""  G        BG  B"", ""GBRRGBRBRBBRRG R"", ""B R  GBRRRBBRG R"", ""R R  B     RR  B"", ""R B  R     BGBRG"", ""GBG  GBRRRBG    ""]"
catalog-246,246,Gridlock,recursive,4,23,Make your way through traffic to the checkpoints,11,0,right,0,"[10, 5, 5, 0, 0]","[""R R   R  R    R "", ""gbgbbbbbbgbR  gR"", ""b b   b  b    b "", ""b b   b  b  R b "", ""gbbbbbgbbgbbgbgR"", ""b b      b    b "", ""gbgbR R  gbbbbgR"", ""b     gbbgR   b "", ""b R   b     R b "", ""gbbbbbgbRR  gbbR"", ""b b   b  b  b b "", ""gbgbbbbbbgbbgbgR""]"
catalog-343,343,Writ Large,recursive,4,23,,7,10,down,0,"[10, 5, 5, 5, 0]","[""RRRRRRRRRRRRRRRR"", ""RRRRRRRRRRRRRRRR"", ""RR            RR"", ""RR            RR"", ""RR  RRRRRR    RR"", ""RR  RRRRgbbbg RR"", ""RR  RR  bR  b RR"", ""RR  RR  bRg b RR"", ""RR      bRgbg  b"", ""RR      bR     b"", ""RRRRRRRRgbbbbbbg"", ""RRRRRRRRRR      ""]"
catalog-437,437,Spot The Difference,markbyers,3,23,,0,0,down,0,"[10, 10, 5, 5, 5]","[""b  B  B  B  B   "", ""rr gg rgbrr gg  "", ""gg grbrr rr rr  "", ""rgbgg gg grbgg  "", ""gg gg gg rr grbb"", ""               b"", ""   ggbrg rr rrbb"", ""   rr rr rr gg  "", "" Bbrg gg rr gg  "", ""   gg rrbgrbrg  "", ""    B  B  B  B  ""]"
catalog-463,463,Big F,willbir,3,46,,11,0,up,0,"[3, 6, 4, 4, 4]","[""rBBBBBBBBBBB   "", ""brBBBBBBBBBB   "", ""bbrBBBBBBBBB   "", ""bbb            "", ""bbbrBBBBBBB    "", ""bbbbrBBBBBB    "", ""bbbbb          "", ""bbbbbrBBBB     "", ""bbbbbbrBBB     "", ""bbbbbbb        "", ""bbbbbbb       B"", ""bbbbbbbgbbbbbbb""]"
catalog-528,528,Long Journey,rafaelromao,3,23,,9,7,right,5,"[4, 4, 4, 4, 0]","[""      GBBBBBBBBG"", ""      B        B"", "" BBBBBRBBBBBBB B"", "" B B B B B B B B"", "" BBBBBBBBBBB R B"", ""             B B"", "" GBRBRBRBRBRBB B"", "" GBBBBBBBBBBBB B"", ""               B"", ""BBBBBBBbBBBBBBBG"", ""B B B B B B B B "", ""BBBBBBBBBBBBBBB ""]"
catalog-747,747,Measurements 2,markbyers,3,23,,0,0,right,0,"[10, 10, 5, 5, 5]","[""gbbrBBBrbbbGGG  "", ""gbbbrBBrbbGG    "", ""gbbrBBBBrGGGG   "", ""gbbbbrrbbbbb    "", ""grBrbbbbbbbG    "", ""gbbbbrBrbbbbG   "", ""grBBBBBBrbGGGGGG"", ""gbbbrBBBrbbGGG  "", ""grrbbbbb        "", ""grBBBBBBrGGGGGG "", ""gbbbrBrbbbbG    "", ""gbrBBBBrbGGGG   ""]"
catalog-762,762,blue -> red,timotheeee,3,23,,6,7,right,1,"[7, 3, 0, 0, 0]","[""gbbbbbbbbbbbbbbg"", ""bgbbbbbbbbbbbbgb"", ""bbgbbbbbbbbbbgbb"", ""bbb          Rbb"", ""bbb           bb"", ""BBBBBBBBBBBBBBbb"", ""BBBBBBBbBBBBBGbb"", ""bbb          bbb"", ""bbb          bbb"", ""bbgbbbbbbbbbbbgb"", ""bgbbbbbbbbbbbbbg"", ""gbbbbbbbbbbbbg  ""]"
catalog-962,962,Castle Walls,beaza,3,46,,11,8,up,0,"[10, 0, 0, 0, 0]","[""BBB          BBB"", ""B B          B B"", ""BBGBBBBBBBBBBGBB"", ""  B          B  "", ""  B  bbbbbb  B  "", ""  B  b    b  B  "", ""  B  b    b  B  "", ""  B  bbrrbb  B  "", ""  B          B  "", ""BBGBBBBRRBBBBGBB"", ""B B    bb    B B"", ""BBB    bb    BBB""]"
catalog-1377,1377,Obstructions III,snydej,3,23,Keep track of the growing limit,0,4,left,0,"[5, 10, 0, 0, 0]","[""RBBBb           "", ""RBBBBB          "", ""RBBBBR          "", ""RBBBBBBB        "", ""RBR             "", ""RBBBBBBBBB      "", ""RBBBBBBBBBB     "", ""RBBBR           "", ""RBBBBBBBBR      "", ""RBR             "", ""RBBBBBBBBBBBBBB "", ""RBBBBBBBBBBBBBBB""]"
catalog-1851,1851,Symmetry :) 4,lendesg,3,23,,0,0,right,0,"[6, 3, 0, 0, 0]","[""bbbbbg   RRRRRRR"", ""  gbbbbg R    RR"", ""  b  b b R    RR"", ""  b  b b R    RR"", ""  gbbg b R    RR"", ""       b RRRRRRR"", ""       R      R "", ""       RRRRRRRR ""]"
catalog-1935,1935,Quadrupling,kraker,3,23,would be easy with 3-6,10,0,right,0,"[2, 8, 0, 0, 0]","[""BBbbbbbbbbbbgbBB"", ""B              B"", ""g              b"", ""b              b"", ""b              b"", ""b              b"", ""b              b"", ""b              b"", ""b              g"", ""B              B"", ""bBbgbbbbbbbbbbBB""]"
catalog-2008,2008,Comb for trendy haircuts,kraker,3,23,inspired by axorion (1961),2,0,down,0,"[5, 5, 4, 3, 0]","[""      bBbBb     "", ""      b b b     "", ""b     b b b   bB"", ""b     b b b   b "", ""b bBb b b bBb b "", ""b b b b r b b b "", ""bBb bBb   b b b "", ""b b b b   r b b "", ""b b b r     bBb "", ""r b b       b b "", ""  r r       b r "", ""            r   ""]"
catalog-2094,2094,Stack and Look II,keith,3,23,"Blue mean something minor, Red and Green mean the same things at different times",4,0,right,0,"[5, 5, 0, 0, 0]","[""    GBBBR  "", ""    B   B  "", ""  GBBBBBBBR"", ""  B B   B B"", ""bBBBG B RBG"", ""  B   B    "", ""  GBR B GBR"", ""  B B B B B"", ""GBG B RBG B"", ""B B B     B"", ""RBG GBBBBBG""]"
catalog-2476,2476,There and Back Again,axorion,3,23,A trilogy but definitely not a hobbit's tale. Hint:The shortcut leads to Shelob.,2,6,up,0,"[3, 8, 8, 8, 0]","[""bgggggg Rb grrrr"", ""b     r  g g   b"", ""b R grrrrg bbG b"", ""b g g r        b"", ""b g g gggggggggb"", ""b g g           "", ""b g g bggggggggg"", ""b g g b        r"", ""b g g rrrrrrrB r"", ""b g g          r"", ""rrg bbbbbbbbbbbr""]"
catalog-2800,2800,Avalanche,kraker,3,23,should be easy,0,13,down,0,"[5, 5, 8, 0, 0]","[""             b"", ""           BRB"", ""           RR "", ""        G GG  "", ""       BGRGB  "", ""      GG R    "", ""       RR     "", ""      GG      "", ""   G G RR     "", "" BRGRGRB      "", "" RR R R       "", ""GG            ""]"
catalog-2953,2953,Road Less Traveled,benjaminrr,3,23,Hint : 1674,6,6,right,0,"[5, 5, 0, 0, 0]","[""    bbbg    gbg"", ""    b  b    b b"", ""    b  rbbbbb b"", ""    b         b"", ""  gbr      rbbb"", ""  b        b   "", ""GbBbR bbbbbg   "", ""b b b          "", ""BbG gbbbbbbbbbR"", ""    b b       b"", ""RbbbB b  GBBG b"", ""      Rbbr  rbR""]"
catalog-3028,3028,Cattle prod,yaxlat,3,23,Stackin' and wackin',2,0,right,0,"[3, 5, 0, 0, 0]","[""BBBBBBBBBB"", ""    B B  B"", ""bBBBGBBGBB""]"
catalog-3526,3526,Spiral 0-3,denisb,3,23,"Due to lack of place, the initial pattern is reduced ...",2,6,up,7,"[4, 9, 9, 4, 0]","["" g GGG   g  g  "", ""gg G Grr gggg  "", ""   GGGbr       "", "" GGGGGGGGGGGGGG"", "" G   GG       G"", "" G g GG ggggg G"", "" G   GG g   g G"", "" GGGGGG g g g G"", ""      G g   g G"", ""gggg  G ggggg G"", ""   g  G       G"", "" g g  GGGGGGGGG""]"
catalog-4527,4527,Painting an Aztec Pyramid,benjaminrr,2,23,,0,0,right,1,"[5, 4, 7, 0, 0]","[""ggggR           "", ""GggggG          "", ""GgggggG         "", ""GggggggG        "", ""GgggggggG       "", ""GggggggggG      "", ""GgggggggggG     "", ""GggggggggggG    "", ""GgggggggggggG   "", ""GggggggggggggG  "", ""GgggggggggggggG "", ""GggggggggggggggG""]"
catalog-8525,8525,pop,mat8,2,23,no coments,11,0,right,1,"[6, 0, 0, 0, 0]","[""RbbR    RbbbR"", ""b  b    b   b"", ""b Gbbbbbb   b"", ""b       G   b"", ""b  BG       b"", ""b  bbbbbbbbbr"", ""b  bb        "", ""b  bb        "", ""b Gbb        "", ""Rbbbb        "", ""    b        "", ""bbbbR        ""]"
catalog-171,171,1-2-3-4-5,evko,2,547,it's easy,10,5,up,0,"[4, 4, 0, 0, 0]","[""     B     "", ""     b     "", ""     b     "", ""     b     "", ""     b     "", ""BbbbbgbbbbB"", ""     b     "", ""     b     "", ""     b     "", ""     b     "", ""     b     ""]"
catalog-827,827,when to turn ?,timotheeee,2,68,,0,0,right,0,"[6, 0, 0, 0, 0]","[""rbbbbbbbbbbbbbgr"", ""               b"", ""rbbbbbbbbbbbgr b"", ""g            g b"", ""b grbbbbbbbbbr b"", ""bBb            g"", ""brgbbg grbbbbbbr"", ""b b  r b        "", ""b r  b b        "", ""b gbrg b        "", ""b      g        "", ""rgbbbbbr        ""]"
catalog-247,247,"Make love, not war",anthares,2,1308,,8,5,up,0,"[6, 3, 0, 0, 0]","["" bbbbbbbbb "", ""bbRRbbbRRbb"", ""bR  RbR  Rb"", ""bR   G   Rb"", ""bbR     Rbb"", ""bbbR   Rbbb"", ""  bbR Rbb  "", ""   bbRbb   "", ""   bbbbb   ""]"
catalog-520,520,Shoots and Ladders,ammonzing,3,45,ahhh shooot!,11,0,right,2,"[4, 4, 0, 0, 0]","["" GG     BrrrrB  "", "" GBrrrrrrrrrrGrB"", "" GB     r    r R"", "" GB BrrrrrrrrG R"", "" GB r   r      R"", "" GB BrrrrrrrrG R"", "" GB     r    r R"", "" GB BrrrrrrrrG R"", "" GB r   r      R"", "" GB BrrrrrrrrG R"", ""  r     r    r R"", ""rrBrrrrrBrrrBG G""]"
catalog-321,321,Rift,snydej,5,22,,5,0,right,0,"[10, 5, 5, 5, 0]","[""gggggggggggggggg"", ""gggggggggggggggg"", ""gggGgggggggggggg"", ""GgG Gggggggggggg"", "" G r GggGGggggGg"", ""r rbr GG  GgGG b"", ""brbbbr  rr G  rb"", ""bbbbbbrrbbr rrbb"", ""bbbbbbbbbbbrbbbb"", ""bbbbbbbbbbbbbbbb"", ""bbbbbbbbbbbbbbbb"", ""bbbbbbbbbbbbbbbb""]"
catalog-339,339,complement mirror,alvarom,4,22,,0,0,down,1,"[10, 10, 10, 10, 10]","[""gggggggggggggggr"", ""bbbbbbg  BBBBBBB"", ""bgbbbb   BBBBBBB"", ""b bbbg   BBBB BB"", ""b bgg    BBBB BB"", ""g b      BBBB B "", ""  b      BB   B "", ""  g      B    B "", ""         B      ""]"
catalog-394,394,Deadly Dead Ends,snydej,3,22,,5,4,right,1,"[6, 0, 0, 0, 0]","[""     bGb  "", "" bGb bGb  "", "" bGb bGbbb"", "" bGbbbGGGG"", "" bGGbbGbbb"", "" bbGgGGb  "", ""bbbGbbbb  "", ""GGGGb     "", ""bbGbb     "", "" bGb      ""]"
catalog-509,509,The Bends,markbyers,4,22,,11,2,right,0,"[10, 10, 5, 5, 5]","[""gbbbb    brrrrbg"", ""b   b    b     b"", ""r   b    b bbbbb"", ""bbb b    b b    "", ""  b b    b b    "", ""bbb bbbbbb b    "", ""r          bbbbb"", ""bbb            r"", ""  b       bbbb r"", ""bbb bbb   b  b r"", ""b   b b   b  b b"", ""B brb bbrrb  bbg""]"
catalog-716,716,Obstructions,snydej,3,44,,0,0,down,0,"[10, 10, 0, 0, 0]","[""bB  BB   B  B BB"", ""BB  BB   B  B BB"", ""BBR BB   B  B BB"", ""BBB BB   B  B BB"", ""BBBRBB R B  B BB"", ""BBBBBB B BRRBRBB"", ""BBBBBB B BBBBBBB"", ""BBBBBBRB BBBBBBB"", ""BBBBBBBB BBBBBBB"", ""BBBBBBBBRBBBBBBB"", ""BBBBBBBBBBBBBBBB"", ""GGGGGGGGGGGGGGGG""]"
catalog-990,990,Counting - First Sequence,markbyers,3,22,The red sequence is the same length as the first green or blue sequence.,0,0,right,0,"[5, 5, 5, 5, 5]","[""bbbbbbbggrrrrrrr"", ""               g"", ""rbgbggggbgbggr g"", ""r            g g"", ""r rbggbgbbgr b g"", ""g r        b b b"", ""g g Rrrbgggr g g"", ""b g          g r"", ""b rrrrbgbggggr r"", ""b              r"", ""rrrbggbbbgbbgggr""]"
catalog-1078,1078,insect,timotheeee,3,22,,10,10,up,0,"[4, 4, 4, 0, 0]","[""BBBBBG     "", ""     B     "", "" R   B     "", "" B   B     "", "" GBBBG     "", "" B GBBGBBBG"", "" B B BB   B"", "" R GBGB   B"", ""      B   B"", ""     RGBR B"", ""          b""]"
catalog-1098,1098,Snaky,trold,3,22,Bend your threes,8,0,right,0,"[3, 3, 5, 0, 0]","[""    bgbrbrgB "", ""    g        "", ""    r        "", ""    bgrbr    "", ""        g    "", ""        r    "", ""        bgrbr"", ""            g"", ""bgrbgrbggbrgr""]"
catalog-1167,1167,Ternary Path 1 M,keba,3,22,"M is for memory, mirror and maze",4,6,up,0,"[5, 5, 5, 5, 0]","[""gbg gbg bbb bbb"", ""b b b b b b b b"", ""r bbb r b bbb b"", ""b     b b     b"", ""gbrbB bbB Bbbbb"", ""    b     b    "", ""gbrbB BrB Bbbbb"", ""b     b b     b"", ""r bbb r b bbb b"", ""b b b b b b b b"", ""gbg gbg bbb bbb""]"
catalog-1529,1529,Monochrome II,axorion,3,22,Build complexity from the bottom up.,2,3,right,0,"[4, 4, 3, 3, 0]","[""   BB B  "", ""    BBB  "", ""BB bBB   "", "" BBB BB B"", ""BBB   BBB"", ""B BB BBB "", ""   BBB BB"", ""  BBB    "", ""  B BB   ""]"
catalog-1780,1780,Counting,lendesg,3,22,,0,8,down,0,"[8, 7, 7, 0, 0]","[""  BbbbbbbbbR "", ""    bbbbbbR  "", ""  BbbbbbbbbR "", ""  BbbbbbbbbR "", ""BbbbbbbbbbbbR"", ""    BbbbbbR  "", ""  BbbbbbbbbR "", ""  BbbbbbbbbR "", ""    BbbbbbR  "", ""    BbbbbbR  "", ""BbbbbbbbbbbbR""]"
catalog-1849,1849,Symmetry :) 2,lendesg,3,22,realy?,0,0,right,0,"[7, 0, 0, 0, 0]","[""ggggggr       "", ""  rggggggr    "", ""  g   gBBgBB B"", ""  g   gB g B B"", ""  rgggrB g B B"", ""       B g B B"", ""     BBggr B B"", ""     B B   B B"", ""     B BBBBBBB"", ""     B     B  "", ""     BBBBBBB  ""]"
catalog-2005,2005,just a spiral,onqt,2,44,,11,13,up,0,"[6, 0, 0, 0, 0]","[""gbbbbbbbbbbbbg"", ""b            b"", ""b rbbbRbbbbg b"", ""b b        b b"", ""b b rbbbbr b b"", ""b b b    b b b"", ""b b b  B b b b"", ""b b rbbr b b b"", ""b b      b b b"", ""b rbbbbbbr b b"", ""b          b b"", ""gbbbbbbbbbbg b""]"
catalog-2017,2017,Spiral 3,benjaminrr,3,22,,11,0,up,0,"[2, 4, 5, 0, 0]","[""    b b   b B   "", ""bbb b rbbbr b br"", ""  b b       b b "", ""rrb b rbbbr b bb"", ""b   b b   b b   "", ""rbbbr b brr b rb"", ""      b b   b b "", ""rbbbr b bbbbb b "", ""b   b b       b "", ""b brr b rbbbr b "", ""b b   b b   b b "", ""b bbbbb b brr b ""]"
catalog-2349,2349,Valley Night,axorion,3,22,A positive reciprocal slope.,0,0,right,0,"[9, 2, 0, 0, 0]","[""ggggg bbbbbbbbbb"", ""gggggg bbBbbbbbb"", ""ggggggg bbbbbbbb"", ""gggggggg bbbbbbb"", ""ggggggggg bbbbbb"", ""gggggggggg bbbbb"", ""ggggggggggg bbbb"", ""gggggggggggg bbb"", ""ggggggggggggg bb"", ""gggggggggggggg b"", ""gggggggggggggggr""]"
catalog-2832,2832,4 Hole Golf Course -- Flagsticks,benjaminrr,3,22,,0,0,down,0,"[6, 4, 4, 6, 2]","[""g               "", ""g               "", ""g rG            "", ""g GG          rG"", ""r g           GG"", ""g g   rG      g "", ""g g   GG      g "", ""r g   g       g "", ""r g   g rG    g "", ""g g   g GG    g "", ""r g   g g     g "", ""bGGGGGGGGGGGGGGG""]"
catalog-3162,3162,Stretched duplicate,jouni,3,22,"Make a duplicate of the original figure, and stretch it horizontally.",10,10,up,0,"[7, 7, 0, 0, 0]","[""    BbB       B"", ""BbBbBbBbBbB   B"", ""B   B B   B   B"", ""B   BbBbBbB   B"", ""BbBbBbBbBbBbBbB"", ""      B        "", ""   RGGGGGGR    "", ""   G RGGR G    "", ""   G GG G G    "", ""   RGGGGR G    "", ""     RR   g    ""]"
catalog-3768,3768,Square,scathaniel,3,22,simple square puzzle,3,0,right,0,"[3, 3, 3, 0, 0]","[""BBBB"", ""BBBB"", ""BBBB"", ""bBBB""]"
catalog-3815,3815,Turn right on stars III,dorian_gray,2,22,From the idea of the puzzle 779. Easy,2,15,left,0,"[10, 0, 0, 0, 0]","[""RrggrggGGbggrbbB"", ""r      gg      g"", ""rggrbggbGggrbgrg"", ""GggbggrggrggbgbG"", ""GbgrggbggbggrggG"", ""g      rg      g"", ""g  GgrbgGbggG  b"", ""r  g   gg   g  g"", ""g  GggrbgbrgG  g"", ""g      gr      r"", ""b      gg      r"", ""BbbggrgGGggrggrR""]"
catalog-4318,4318,Blue++,shaggy12,3,22,,10,10,left,0,"[3, 5, 0, 0, 0]","[""GGGGGGGGGGB  "", ""G         G  "", ""G BGGGGBGGGGB"", ""G G    G  G G"", ""G BGGGGGGGGGG"", ""G      G  G  "", ""G      G  G  "", ""G GGGGGG  G  "", ""G      GGGB  "", ""G            "", ""BGGGGGGGGGg  ""]"
catalog-4639,4639,Turn and pass,marchan,3,22,,0,0,right,0,"[4, 4, 4, 0, 0]","[""bbbbR RbbbbbbbbR"", ""    b b        b"", ""GbRbbRbRBR RbG b"", ""b   b b  b b R b"", ""RbbbR b  b RbR b"", ""      b  b b R b"", ""GbRbR b  b b   b"", ""b GbbRbbRbbRbR b"", ""b b b b  b b b b"", ""b RbR RbbR GbR b"", ""b              b"", ""RbbRbbRbRbbRRbbG""]"
catalog-4952,4952,Until red,marchan,3,22,,11,1,right,1,"[2, 6, 2, 0, 0]","[""    BBBBBB BBB  "", ""    B BB B g B  "", ""    BRBBRBBBBB  "", ""      B    B    "", ""BBBBBBB    BBB  "", ""B BB BB    R B  "", ""BRBBGBBBBBBBBB  "", ""  B BBBBBBBBGB  "", ""  B B G B BB B  "", ""BBB BBB BGBBBBBB"", ""B G             "", ""BbB             ""]"
catalog-5166,5166,Dota 2 like if you like Dota 2/comment,haydenp1,2,22,,7,0,right,0,"[10, 10, 0, 0, 0]","[""RBBBBBBBR "", ""BRBBBBR GG"", ""BBRBBRB GG"", ""BBRBBBBGGG"", ""BRBBBRBGGG"", ""RBBBBBR GG"", ""        GG"", ""gGGGGGGGR "", "" GGGGGGG  ""]"
catalog-1043,1043,Fermat's Spiral 3,markbyers,4,43,Just six commands and no greens on the way back.,8,0,up,0,"[6, 0, 0, 0, 0]","[""gbbbbbbbg B"", ""b       b b"", ""b bbbbb b b"", ""b b   b b b"", ""b b grb b b"", ""b b b   b b"", ""b b gbbbg b"", ""b b       b"", ""b bbbbbbbbb""]"
catalog-428,428,String Escaping,markbyers,3,128,Jump on red,0,0,down,0,"[5, 10, 10, 5, 0]","[""gGGGGGGGGGGGGGGG"", ""bbbbGbrrrrrrrrbb"", ""bbrb rrgrgrbbrGb"", ""bbbr gbbrrrbGb r"", ""brbg bbbrgbr b b"", ""bbbb rbrGrrr r r"", ""bbrb brr grr r g"", ""bbrb rgr rrr G r"", ""Gbbb gGg grr   r"", "" bGb b b Grr   r"", "" G b G b  gG   g"", ""   G   G  G    G""]"
catalog-159,159,labyrinth,patatino,2,1531,,5,7,right,0,"[4, 5, 0, 0, 0]","[""RR            "", "" G bbRbRbbRbGb"", "" b G         b"", "" R b bbbbbGb R"", "" b R G     R b"", "" R b b bGb b R"", "" b R b   G R b"", "" R b bGbbb b R"", "" b R       G b"", "" R bGbRbRbRb b"", "" b           G"", "" bGbbRbRbRbRbb""]"
catalog-268,268,Spining Madness,sungjin,3,106,Avoid the hole! and SPIN!,3,0,right,0,"[6, 2, 0, 0, 0]","["" b b "", ""bgGgb"", "" G G "", ""bg rb"", "" R R "", ""brRrb"", "" b b ""]"
catalog-846,846,The Mysterious Stair,dvorjakque,2,127,,6,0,right,0,"[7, 0, 0, 0, 0]","[""            bbbB"", ""           gg   "", ""          gg    "", ""      bbbgg     "", ""     rr         "", ""    rr          "", ""bbbrr           ""]"
catalog-169,169,Loopy Maze,recursive,4,21,Don't miss the loop,10,1,left,1,"[10, 5, 0, 0, 0]","["" ggg gggg   ggg "", ""gbbbgbbbbg gbbbg"", ""gbgbbbggbg gbgbg"", ""gbgggg gbg gbBbg"", ""gbg    gbbggbgbg"", ""gbggggg gbggbbbg"", ""gbbbbbg gbg ggbg"", "" ggggbg gbg  gbg"", ""    gbg gbg  gbg"", "" ggggbg gbggggbg"", ""gbbbbbg gbbbbbbg"", "" ggggg   ggggggg""]"
catalog-240,240,All Directions,snydej,4,21,,5,5,right,1,"[3, 7, 7, 4, 0]","[""BG   B   GB"", ""GBG  B  GBG"", "" GBG B GBG "", ""  GBGBGBG  "", ""   GBBBG   "", ""BBBBBbBBBBB"", ""   GBBBG   "", ""  GBGBGBG  "", "" GBG B GBG "", ""GBG  B  GBG"", ""BG   B   GB""]"
catalog-327,327,Seven Squares,blake,3,21,How many are important?,6,5,right,7,"[10, 0, 0, 0, 0]","[""  BbbB    "", "" gbggbggg "", "" gb  bBbbB"", "" gBbbbb gb"", ""Bbbbrrb gb"", ""bg brrbbbB"", ""bg bbbbBg "", ""BbbBb  bg "", "" gggbggbg "", ""    BbbB  ""]"
catalog-348,348,Diagonal Branching,snydej,3,21,,0,0,down,0,"[10, 10, 0, 0, 0]","[""r    R    RB  BR"", ""BB  BB R   BBBB "", "" BBBB  BB  BGB  "", "" BGB    BBBBBB  "", ""BBBB    BGB  BB "", ""R  BB  BBBB   BR"", ""    BBBB  BB    "", ""  RB BGB   BB  R"", ""   BBBBBB   BBBB"", ""   BGB  BR  BGB "", ""  BBBB     BBBB "", "" RB  BR   RB  R ""]"
catalog-413,413,Winding Path II,snydej,4,21,,0,6,down,0,"[10, 10, 10, 10, 3]","[""      g B      "", ""    grg bbb    "", ""    g     b    "", ""    ggg bbb    "", ""      g b      "", ""grrrrrg bbbbbbb"", ""g             b"", ""ggggggg bbbbbbb"", ""      g b      "", "" grrrrg bbbbbb "", "" g           b "", "" gggggbbbbbbbb ""]"
catalog-591,591,Action Replay,markbyers,4,21,,0,0,right,0,"[5, 10, 5, 5, 5]","[""rBBBBBG        "", ""      B        "", ""      B        "", "" GBBBBBBRRRRRR "", "" B    B      R "", "" B    B      R "", "" B GG B RRRRRRR"", "" B GBBG R    R "", "" GBBG   R    R "", ""        R RR R "", ""        R RRRR "", ""        RRRR   ""]"
catalog-729,729,Push and Pop,snydej,4,21,,9,0,right,0,"[10, 10, 10, 0, 0]","[""          G  R  "", ""          BGRR  "", ""       G  BBRRR "", ""  G  R B  BBRRR "", ""  B  R BGRBBRRR "", ""  B  RGBBRBBRRRR"", ""GRB  RBBBRBBRRRR"", ""BRBGRRBBBRBBRRRR"", ""BRBBRRBBBRBBRRRR"", ""gRGGRRGGGRGGRRRR""]"
catalog-776,776,Turn on Pair,markbyers,2,105,,11,0,up,0,"[10, 0, 0, 0, 0]","[""rgbrgbrgrgbrr"", ""r           g"", ""b brbgrbrgg b"", ""g b       r g"", ""b r gbrgg g r"", ""r g g   r b b"", ""b r b G b r g"", ""g g r rrb b r"", ""r b b     g g"", ""b r rrgbrbg b"", ""g g         g"", ""r bbrbrgrgbrg""]"
catalog-910,910,Chameleon Spiral,markbyers,4,21,,0,0,right,0,"[7, 3, 3, 3, 0]","[""gggggggbbbbbbb"", ""             b"", ""  bbbbbrrrrr b"", ""  b        r b"", ""  b rrrggg r b"", ""  b r    g r b"", ""  b r G  b g r"", ""  g b rrbb g r"", ""  g b      g r"", ""  g bbbbgggg r"", ""  g          r"", ""  ggggggrrrrrr""]"
catalog-934,934,Almost Square,beaza,3,21,"two solutions - one uses paint, the other uses F1 for each edge",11,11,left,2,"[5, 4, 0, 0, 0]","[""gggggggggggg"", ""g          g"", ""g          g"", ""g          g"", ""g          g"", ""g          g"", ""g          g"", ""g          g"", ""g          g"", ""g          G"", ""g           "", ""rbbbbbbbbbbr""]"
catalog-1048,1048,Path of Darkness,markbyers,4,21,The outer 34 tiles show the true colours of the tiles on the Path of Darkness.,1,0,right,0,"[5, 10, 5, 5, 5]","[""bgbgrbbgbbgbrg  "", ""bbbbbbbbbbbbbbg "", ""              br"", ""        rrrr  bg"", "" rrrr   r  r  bb"", "" r  r  rr  r  br"", "" rr r rr   rr bb"", ""  r r r     r br"", "" rr rrr   Grr bb"", "" r            bb"", "" gbbbbbbbbbbbbg "", ""  bgrbrgbgbbgb  ""]"
catalog-1300,1300,Just get'm all,kraker,3,21,,1,2,left,5,"[10, 10, 0, 0, 0]","[""RrrR       RrRr"", ""rrrr       rRrR"", ""rrrgbbbbbbbgrRr"", ""RrrR       rgrR"", ""  b         b  "", ""  b         b  "", ""  b         b  "", ""  b         b  "", ""rrgR       rgrr"", ""rrRgbbbbbbbgRRr"", ""rRrr       rRRr"", ""Rrrr       rrrr""]"
catalog-1416,1416,Red tile stabilizer,kraker,3,21,,0,6,right,0,"[10, 5, 0, 0, 0]","[""      bRBB      "", ""    BBBRBBBB    "", ""  BBBBBRBBBBBB  "", ""  BBBRBRBRBBBB  "", ""  BBBBBRBBBBBB  "", ""  BBBRBRBRBBBB  "", ""  BBBBBRBBBBBB  "", ""  BBBRBRBRBBBB  "", ""  BBBBBRBBBBBB  "", ""  BBBRBRBRBBBB  "", ""  BBBBBRBBBBBB  "", ""BBBBBBBRBBBBBBBB""]"
catalog-1458,1458,Forest and river,termos,3,21,Climb trees and swim in the river,11,0,right,0,"[9, 4, 2, 0, 0]","[""     ggGgg      "", ""    gggRgg  g   "", ""  ggGggRgggggg  "", ""  GRBGgRggggrg  "", ""   GBRRBGggrg   "", "" gGgGggRggrgg   "", "" gRggggRgrgg    "", ""ggRgrgGBRGgg    "", ""GRBRG gRgg      "", "" gRg   R        "", ""  R    R   bbbbb"", ""rrbrrrrbrrrrbbbB""]"
catalog-1581,1581,Yet Another Tree,snydej,3,21,,11,8,up,0,"[10, 10, 0, 0, 0]","["" R      B  R  R "", "" B   RBGGB B  B "", "" B      B  G  G "", "" G   B  B BGBGGB"", ""BGBBGGB B  B  B "", "" B   B  B     B "", ""     G  G     G "", "" R  BGBGGGBBBBGB"", "" B   G  B     G "", "" G   B  B     B "", ""BGBBGGB B RBBGGB"", "" B   B  b     B ""]"
catalog-1651,1651,Spin on Red!,mzxrules,3,21,What if you count your Blues and Greens?,0,8,down,0,"[4, 4, 4, 0, 0]","[""RBBGR   r  "", ""R  GB RBGGR"", ""B  BB G B R"", ""RGBBGBR G G"", ""   RGRBGGBR"", ""    B   B  "", ""    RGBGR  ""]"
catalog-1882,1882,Delayed stack,kraker,3,21,Only turn right,6,7,right,0,"[5, 5, 5, 5, 0]","[""BggggggggggggggB"", ""g              g"", ""g      B       g"", ""g      g       g"", ""g    Bggg BgB  g"", ""g    g gg g g  g"", ""g    g gggBggggg"", ""g    g gg g g   "", ""g    BggggB g   "", ""g      gg   g   "", ""BgggggggB   g   "", ""       gggggB   ""]"
catalog-2070,2070,Correct measure,ebusiness,3,21,I can't walk straight,9,10,right,1,"[10, 10, 6, 0, 0]","[""         R      "", ""         B      "", ""         B      "", ""     R   B      "", ""     BBBBBBBB   "", ""     B      B   "", ""  BBBBBB    B   "", ""  B  B B    BBBR"", ""  B RB BBR  B   "", ""RBB  BBB  bBB   "", ""  B   R   B     "", ""  BBB     R     ""]"
catalog-2459,2459,Blue - Blue,jaex,3,21,Line[3].Length = Line[1].Blue - Line[2].Blue,0,15,left,0,"[3, 10, 2, 0, 0]","[""Rbbbbbbbgbbbbbbb"", ""g       BbR     "", ""g RgggggggggR   "", ""g b     R b b   "", ""g b RgRBbbbbbbbR"", ""b b BbggbbR b  b"", ""b b RggbggB b  b"", ""g b RbBRbgR b  b"", ""g b         b  b"", ""g BbbbbbbbbbgbbR"", ""g           g   "", ""RbbbbbbbbbbbB   ""]"
catalog-2634,2634,Interesting or boring?,anton_s,2,21,,11,8,left,2,"[7, 3, 0, 0, 0]","[""RBBBBBBBBBBBBBBR"", ""B              B"", ""B RBBBBBBBBBBR B"", ""B B          B B"", ""B B RBBBBBBR B B"", ""B B B B    B B B"", ""B B B RBBBBR B B"", ""B B RBBBBBBBBR B"", ""B B            B"", ""B RBBBBBBBBBBBBR"", ""BRBBBBBBBBBBBBBR"", ""RBBBBBBBbBBBBBBR""]"
catalog-3985,3985,Green middle,mike239x,3,21,something about sum of two numbers,0,0,right,0,"[5, 5, 5, 0, 0]","[""bgggggrrrr"", ""         r"", ""bggggrrr g"", ""g      r g"", ""g bggr g g"", ""g g  G g g"", ""g g    g g"", ""r rrgggb b"", ""r        b"", ""rrgggggbbb""]"
catalog-4469,4469,O_o,zero,3,21,just smile,4,6,right,4,"[5, 4, 0, 0, 0]","[""    r     RB   "", ""   bGb   bgb   "", ""  bg gb bgbgb  "", "" bg   gbgb  gb "", ""Rg    rgb    gR"", "" bg   gbgb  gb "", ""  bg gb bgbgb  "", ""   bgb   bgb   "", ""    R     RB   ""]"
catalog-4561,4561,Resist The Urge,axorion,3,21,"...to use a bot, it's only six commands.",7,4,down,0,"[2, 4, 0, 0, 0]","[""  B          "", ""  brbbbbbbbbb"", ""  r       r r"", ""bbbbbbbbrrb b"", ""r         b b"", ""r   brbbbrb b"", ""b   b r   b b"", ""b   b r   b b"", ""b   r b   b b"", ""brbbbrb   b b"", ""      b   r b"", ""      brbbbrb""]"
catalog-4725,4725,Zen spiral,dtadams,3,21,as you stare into Puzzle. so Puzzle stares into you,4,4,right,3,"[2, 10, 10, 0, 0]","[""bbbbb Bbb"", ""b   b   b"", ""B g b g b"", ""    b   b"", ""bbbbrbbbb"", ""b   b    "", ""b g b g B"", ""b   b   b"", ""bbB bbbbb""]"
catalog-5021,5021,Sweep away 5,marchan,2,21,,9,5,up,0,"[10, 6, 6, 2, 0]","[""RBBBBBBBBBBBBBBG"", ""BRBBBBBBBBBBBBGB"", ""BBRBBBBBBBBBBGBB"", ""BBBRBBBBBBBBGBBB"", ""BBBBRBBBBBBGBBBB"", ""BBBBBRBBBBGBBBBB"", ""BBBBBB    BBBBBB"", ""BBBBBB    BBBBBB"", ""BBBBBB    BBBBBB"", ""BBBBBb    BBBBBB""]"
catalog-8526,8526,Sting,antonbootsma,2,21,Sting this,6,7,up,0,"[4, 4, 0, 0, 0]","[""       R        "", ""      RB  R     "", ""RbbbbbBgBbbR    "", "" R     B    R   "", ""  RbbbBgBbbbbR  "", ""   R   B      R "", ""RbbbbbBgBbbbbbbR"", "" R     B    R   "", ""  RbbbBgBbbbbR  "", ""   R   B      R "", ""    RbBgBbbbbbbR"", ""     R R        ""]"
catalog-981,981,Stack Memory Tutorial 1,markbyers,3,83,1 Function Method,10,0,right,0,"[6, 0, 0, 0, 0]","[""       rrrrr  "", ""       r   r  "", ""       R   r  "", ""           r  "", ""         rrrrr"", ""         r r r"", ""         rrr r"", ""             r"", ""             r"", ""             r"", ""rgbgbbgggbgbbr""]"
catalog-230,230,red star,alvarom,3,62,,3,0,right,0,"[10, 10, 10, 0, 0]","[""      R     R   "", ""      b     b   "", ""      R     R   "", ""bbbbbbgRbbbbgRbR"", ""  b      b  R   "", "" bgRbbbbbgb b   "", ""  b      R  b   "", ""  b      b  b   "", ""  R      R  b   "", "" bgbbRgbbbbRgRR "", ""  b   R     R   "", ""      R     R   ""]"
catalog-166,166,Left on green... the first time,igoro,2,1918,,5,6,right,4,"[5, 0, 0, 0, 0]","["" RbbbbR      "", "" b    b   RbR"", "" b    b   b b"", "" Rbbbbg   b b"", ""      b   b b"", ""RbbgbbrbbbgbR"", ""b  b  b      "", ""b  b  gbbbbR "", ""b  b  b    b "", ""RbbR  RbbbbR ""]"
catalog-789,789,3-Bar With Hole,markbyers,3,41,,2,5,right,1,"[5, 5, 5, 0, 0]","[""BBBBBBBBBBB"", ""BBBBB BBBBB"", ""BBBBBbBBBBB""]"
catalog-2139,2139,L,ebusiness,2,41,,11,0,right,0,"[3, 8, 0, 0, 0]","[""g           "", ""b           "", ""b           "", ""b           "", ""b           "", ""b           "", ""b           "", ""b           "", ""b           "", ""b           "", ""b          B"", ""rbbbbbbbbbbb""]"
catalog-223,223,"right on red, ??? on green",wallacoloo,2,3713,,4,3,right,0,"[5, 5, 0, 0, 0]","[""    G   "", "" RbrbbR "", "" b bb b "", ""Gbbbbbr "", "" rbbbbbG"", "" b bb b "", "" RbbrbR "", ""   G    ""]"
catalog-616,616,Turn around 2,markbyers,3,1040,,0,3,left,0,"[10, 0, 0, 0, 0]","[""bbbbbr    rbbB"", ""     b    b   "", ""     b    b   "", ""     gbbbbg   ""]"
catalog-307,307,Double Spiral,snydej,3,61,,10,14,up,0,"[10, 0, 0, 0, 0]","[""R              "", ""R GBBBBBBBBBBBG"", ""R B           B"", ""R B RRRRRRRRR B"", ""R B R       R B"", ""R B RRRRBBG R B"", ""R B       B R B"", ""R GBBBBBBBG R B"", ""R           R B"", ""RRRRRRRRRRRRR B"", ""              b""]"
catalog-84,84,Simple spiral,igoro,2,1068,,2,2,right,0,"[5, 2, 2, 2, 2]","[""bbbb "", ""b  b "", ""b bb "", ""b    "", ""bbbbB""]"
catalog-114,114,Prison,evko,3,60,,4,2,up,0,"[4, 5, 3, 0, 0]","[""BBBBBBB"", ""B G G B"", ""BGGGGGB"", ""B G G B"", ""BGgGGGB"", ""B G G B"", ""BBBBBBB""]"
catalog-248,248,Backtracking,recursive,3,20,You come to a crossroads ...,11,0,right,1,"[5, 10, 10, 0, 0]","[""            B  "", ""       B    gB "", ""       b    b  "", ""       b    gbB"", ""       b    b  "", ""       gbbbbgbB"", ""       b       "", ""  B B  b       "", ""  gbgbggbbB    "", ""  b            "", ""B b            "", ""bbgbbB         ""]"
catalog-576,576,Symmetry - Zigzag,markbyers,3,20,,11,0,up,0,"[5, 5, 5, 5, 5]","[""      gbrr      "", ""      b  r      "", ""      b  r      "", ""    gbg  rrr    "", ""    b      r    "", ""    b      r    "", ""    b      r    "", ""   gg      rr   "", "" gbg        rrr "", "" b            r "", ""gg            rr"", ""g              R""]"
catalog-797,797,Directed Graph Traversal,snydej,4,20,"Green means go, red means no",7,7,right,1,"[10, 10, 5, 0, 0]","["" R  R  R  R  R "", ""RBRRBRGBRGBGRBR"", "" R  R  G  R  G "", "" G     G  G  R "", ""RBR   RBGRBRGBR"", "" R     R  G  G "", "" G  R  G  R  R "", ""RBRGBRGbGRBGGBR"", "" R  G  G  R  G "", "" G  R  R     R "", ""RBRGBGRBR   RBR"", "" R  R  R     R ""]"
catalog-875,875,Devil's Whirl,dvorjakque,3,20,,4,0,up,0,"[7, 2, 2, 0, 0]","[""rbrbr"", ""b b b"", ""b b b"", ""b b b"", ""b b b"", ""R b R"", ""  b  "", ""  R  ""]"
catalog-1029,1029,Xmas Lights,sticky,2,60,Ugly Christmas Lights,7,15,left,0,"[7, 0, 0, 0, 0]","["" rbbbbbrbr RRR  "", ""rg     r gggrR  "", ""b GGG GrG  RRR  "", ""rrrgG GgG    GGG"", ""b GGG GGG    GgG"", ""b            GrG"", ""b             r "", ""rbbgbbbgbbbgbbrb"", ""   g   g   g    "", ""  RgR RgR RgR   "", ""  RrR RrR RrR   "", ""  RRR RRR RRR   ""]"
catalog-1206,1206,Patience III,sticky,3,20,"Like Patience I, but with symmetry",11,1,left,0,"[5, 10, 5, 5, 0]","[""GbbbbbG  BbbbbbB"", ""b     b  b     b"", ""r GbG b  b BbB r"", ""r b b b  b b b r"", ""r GbbbG  BbbbB r"", ""r   b      b   r"", ""r GbbbG  BbbbB r"", ""r b b b  b b b r"", ""r GbGbbrrbbBbB r"", ""r   b b  b b   r"", ""r   GbG  BbB   r"", ""rb            Br""]"
catalog-1586,1586,Switching Sides,snydej,3,20,,11,14,up,0,"[10, 10, 10, 0, 0]","[""  rrrrrbrrrrr B"", ""  g         g b"", ""rrg  ggbgg  grr"", ""b   gr   rg    "", ""ggggr     rgggg"", ""              b"", ""  rrrrrbrrrrr b"", ""  g         g b"", ""rrg  ggbgg  grr"", ""b    r   r     "", ""gggggr   rggggg"", ""              b""]"
catalog-1960,1960,All the way down,kraker,3,20,,4,0,right,0,"[3, 3, 3, 3, 2]","[""           RbG  "", ""           b b  "", ""         RbR GbG"", ""         b     b"", ""rrrrrrrrrrrrrbbR"", ""       b        "", ""     RbR        "", ""     b          "", ""   RbR          ""]"
catalog-2069,2069,Take seven,kraker,3,20,,6,6,down,0,"[2, 6, 0, 0, 0]","[""RgRggggbggggggR"", ""g g         g g"", ""g g gggbggg g g"", ""g g g     g g g"", ""g g g gbg g g g"", ""g b g g b b b b"", ""b g b bbg g g g"", ""g g g g   g g g"", ""g g g ggbgg g g"", ""g g g       g g"", ""RgRgggggbgggggR"", ""R              ""]"
catalog-2082,2082,Stack and Look I,keith,3,20,"Blue means nothing, Red means one thing, Green means two things",6,0,right,0,"[4, 3, 0, 0, 0]","[""GGG B GBBGBBG"", ""G G B G     G"", ""GGBBGBR RGR B"", ""G G B B B B G"", ""GGG GGBGBBGBG"", ""      G B B  "", ""bBBBBGBBGBBGG"", ""      B B G G"", ""GBBGBBR B GGG"", ""G       B    "", ""GBBBGBBBG    ""]"
catalog-3144,3144,Doulble or half?,yaxlat,2,20,,5,10,left,0,"[5, 4, 6, 0, 0]","["" R            "", "" B  R         "", "" B  B         "", "" R  BBBGBBBBBB"", "" BGBB        B"", "" BBGBBBBGBb  B"", "" B  B  B     B"", ""BBBBBBBBBGBBBB"", "" BBBBGBB     B"", ""    B  B     B"", ""    R  B     B"", ""       R     R""]"
catalog-3520,3520,Lucky four-leaf clover,denisb,3,20,"Record,replay and repaint, then redo",7,7,left,7,"[10, 5, 5, 5, 3]","[""GGGG       GGGG"", ""G GGGG   GGGG G"", ""G GG G   G GG G"", ""GGGGGGGGGGGGGGG"", ""  gg G g G gg  "", ""  rr GgggG gg  "", ""  bb b g G gg  "", ""rbbbbbbbGGGGGGG"", ""b bb b g G GG G"", ""b rbbr g GGGG G"", ""rbbr   g   GGGG""]"
catalog-3680,3680,Wirl ...,denisb,3,20,('1000' limit could be  at the corner ...),4,5,right,7,"[5, 10, 0, 0, 0]","[""GbbbGbbbbGbGr G "", ""            b b "", ""rGbGbr Gbbr G b "", ""b    b    b b b "", ""b rbGbGbGbbGr b "", ""G b  G    b   G "", ""b G  b    b   b "", ""b b  rbGbGGGbGr "", ""b G       b     "", ""G rGbGbGbbGbbbbG"", ""b         b     "", ""rbGbGbbbGbr     ""]"
catalog-3686,3686,Minimum,denisb,3,20,choose the closest green,0,7,down,1,"[3, 3, 5, 5, 0]","[""    gbbbbbbbg   "", ""gbbbBbg         "", "" gbbbbBbbg      "", ""    gbbbbBbbbg  "", ""          gbbBg "", ""             gBb"", ""           gbBbb"", ""         gbBbbg "", ""        gBbbg   "", ""    gbbbBbbbbbg "", "" gbbBbbbg       "", ""BBB             ""]"
catalog-4242,4242,small pyramid with big step,denisb,3,20,,10,0,right,4,"[5, 10, 0, 0, 0]","[""          R"", ""          R"", ""        BBR"", ""        BBR"", ""      BBBBR"", ""      BBBBR"", ""    BBBBBBR"", ""    BBBBBBR"", ""  BBBBBBBBR"", ""  BBBBBBBBR"", ""bBBBBBBBBBR""]"
catalog-4244,4244,Small Spiral,denisb,3,20,,11,0,right,7,"[3, 6, 0, 0, 0]","[""  GBBBBBBBBBBB"", ""  B          B"", ""  B RBBBBBB  B"", ""  B B     B  B"", ""  B B     B  B"", ""  B B RBB B  B"", ""  B B BBB B  B"", ""  B BBBBG B  B"", ""  B       B  B"", ""  BBBBBBBBR  B"", ""             B"", ""bBBBBBBBBBBBBG""]"
catalog-5183,5183,Tilt,dannythorne,3,20,right,0,0,right,4,"[10, 10, 5, 5, 0]","[""gbbbrbbbrrbbbbbG"", ""B           RRR "", ""GrrrrbrrbbbrbbbG"", ""B       RRRRRRR "", ""GbbbbbbbbbbbbbbG"", ""B               "", ""GbbbbbbbbbrbbbbG"", ""B             R "", ""GbbbbbbrbrrrbbrG"", ""B         RRRRR "", ""GrrrrrrbrbrrrrrG"", ""B  RRRRRRRRRRRR ""]"
catalog-11163,11163,Ternary tree,scorpio,3,20,Not all reds are the same,11,7,up,4,"[10, 0, 0, 0, 0]","[""       R       "", ""    R RrR R    "", ""   RrR b RrR   "", ""  R b  R  b R  "", "" RrbbbRrRbbbrR "", ""  R b  b  b R  "", "" R  R  R  R  R "", ""RrbRrbRrRbrRbrR"", "" R  R  b  R  R "", ""    b  b  b    "", ""   RrR b RrR   "", ""    R  g  R    ""]"
catalog-780,780,Criss Cross,ryusho,2,138,Ryusho's First puzzle,6,4,right,1,"[5, 0, 0, 0, 0]","[""GbGbGbGbGbG"", ""b b b b b b"", ""GbGbGbGbGbG"", ""b b b b b b"", ""GbGbRbRbGbG"", ""b b b b b b"", ""GbGbrbRbGbG"", ""b b b b b b"", ""GbGbrbGbGbG"", ""b b b b b b"", ""GbGbGbGbGbG""]"
catalog-483,483,spiral web,alvarom,2,4016,,6,6,left,0,"[5, 0, 0, 0, 0]","[""   G G G G G   "", ""GBBRBBBBBBBBBBG"", ""   B B B B B   "", ""GBBBBRBBBBBRBBG"", ""GBBBBBBRBRBBBBG"", ""   B B B B B   "", ""GBBBBBbRBB B   "", ""   B B   B B   "", ""GBBBBRBBBRBBBBG"", ""   B B   B B   "", ""GBBRBBBBBBBRBBG"", ""   G G   G G   ""]"
catalog-43,43,Do while,igoro,2,295,,3,4,right,0,"[10, 2, 0, 0, 0]","[""    B     "", ""    r     "", ""    r     "", ""BrrrbrrrrB"", ""    B     ""]"
catalog-2467,2467,Magic square,anton_s,2,59,,7,3,up,0,"[3, 7, 0, 0, 0]","[""BBBB      GGGG"", ""B  B      G  G"", ""B  B      G  G"", ""BBBRBBBBBBRGGG"", ""   G      G   "", ""   G      G   "", ""   G      G   "", ""   g      G   "", ""GGGRBBBBBBRBBB"", ""G  G      B  B"", ""G  G      B  B"", ""GGGG      BBBB""]"
catalog-144,144,snail,frfunny,4,39,,3,4,left,0,"[3, 6, 0, 0, 0]","[""rbbbbr         "", ""b    b rbbbbbbr"", ""b    b brbbbbrb"", ""b rbbb bbBbbbbb"", ""b b  b bgb  bbb"", ""b rbbr bbb  bbb"", ""b      bbbbbbbb"", ""bbbbbbbgbbbbbrb"", ""gbbbbbbbbbbbbbr""]"
catalog-179,179,LIFO to FIFO,evko,4,58,,5,0,left,0,"[10, 5, 0, 0, 0]","[""           bbbbb"", ""           b   b"", ""           b B b"", ""           bbb b"", ""               b"", ""bggggrgggrggrgrb""]"
catalog-644,644,Right on red,sarsdp,3,4130,,3,4,right,0,"[5, 4, 0, 0, 0]","[""  gbbbbbbg"", ""  b      b"", ""  b      b"", ""  b bbbbbg"", ""  b       "", ""B grg     "", ""b  b      "", ""gbbg      ""]"
catalog-475,475,Two Stars,fatbuddha,4,19,By the time you've collected one star you should be nearly there...,5,4,right,2,"[5, 5, 5, 5, 0]","[""bbbB     "", ""b        "", ""b bb     "", ""bbbb     "", ""  b      "", ""  bbrbg  "", ""      b  "", ""     gbbg"", ""     gg b"", ""        b"", ""     Bbbg""]"
catalog-687,687,Hurricane,catbert,3,19,,5,6,left,0,"[10, 5, 3, 3, 0]","[""    G         "", ""   GbR      G "", ""    GbR    GbG"", ""     GbR  GbR "", ""      Gb GbR  "", ""    RbbbGbR   "", ""   RbGbbbR    "", ""  RbG bG      "", "" RbG  RbG     "", ""GbG    RbG    "", "" G      RbG   "", ""         G    ""]"
catalog-740,740,Sorting III,snydej,4,19,,11,6,up,0,"[10, 10, 10, 5, 0]","[""rrrrrrrb       "", ""bbbbbGGbG      "", ""bGGGGGGbGG     "", ""GGGGGGGbGG     "", ""bGGGGGGbGGGG   "", ""bbbGGGGbGGGG   "", ""bbbbbbGbGGGGGG "", ""bGGGGGGbGGGGGG "", ""bbbbbGGbGGGGGG "", ""bGGGGGGbGGGGGG "", ""bbbGGGGbGGGGGGG"", ""rrrrrrrbrrrrrrr""]"
catalog-786,786,The Map,petwolverine,3,19,is not the territory,0,0,right,0,"[10, 5, 5, 10, 0]","[""rrrrrrrrrrbbB   "", ""bbbbbbbbbb  b   "", ""bbbbbbbbbb  b   "", ""bbbbRbRbbR  b   "", ""RbGb b Rb   BbbB"", "" b b b  G      b"", "" b b G    BbbbbB"", "" b G      b     "", "" b  BbbbbbB   B "", "" b  b         b "", "" b  b         b "", "" G  BbbbbbbbbbB ""]"
catalog-823,823,Messy Greens 2,hbandura,3,19,With a dizzy twist,10,0,right,0,"[5, 5, 5, 0, 0]","[""gbRbg gbRbg    "", ""b   g R   g    "", ""g   R gbbgRggbg"", ""b   g     b   g"", ""R   gRbRbRg   R"", ""g   g         g"", ""g   R         b"", ""b   b         R"", ""gbRbg         b"", ""              R"", ""bgRgbRbbggRgbbg""]"
catalog-884,884,Symmetry - Double Width,markbyers,3,19,,5,2,up,2,"[5, 5, 5, 0, 0]","[""     BB  RR     "", ""     BB  RR     "", ""     BB  RR     "", ""BBBGBBB  RRRRRRR"", ""BBBBBBG  RRRRRRR"", ""  bB BB  RR RR  "", ""  BB BB  RR RR  "", ""  BB BB  RR RR  "", ""    BBGBRRRR    "", ""    BBBBRRRR    ""]"
catalog-965,965,Tetris Pieces,dvorjakque,3,19,This should give you an idea of how to solve my larger puzzle: Tetris,9,7,right,0,"[2, 8, 0, 0, 0]","[""            g   "", ""            g   "", ""            g   "", ""            g   "", ""                "", ""                "", ""b        GG     "", ""bb    GG GG     "", "" br   GG BR    r"", "" rrr  RbBBR   rr"", ""gggg  RRRRR   r ""]"
catalog-1094,1094,Count to 4,ebusiness,4,19,And don't forget the last star.,8,0,right,0,"[4, 4, 2, 0, 0]","["" RRBRRBRR      "", "" Rb   bbR      "", "" Bb     R      "", "" B RRBBBRBRBBRR"", "" R Rb   B   bbR"", "" B Bb   B     B"", "" R B   bB     R"", ""BB     bR     R"", ""rBRRBRBBR     B"", "" R           bB"", "" Bbb         bR"", "" RRBRBBBRRBBBBR""]"
catalog-1209,1209,Barbells,sticky,3,19,Build strength and alternate hands,5,0,right,7,"[10, 10, 5, 5, 5]","[""            GGG "", ""     RRRRR GGBGG"", "" GGG RRRRR GBGBG"", "" GBG RRRRR GGBGG"", ""  B    R     B  "", ""bBGBBBBRBBBBBGBB"", ""  R    B     R  "", "" RRR GGBGG RRRRR"", "" RRR GBGBG RRRRR"", ""     GGGGG RRRRR"", ""            RRR ""]"
catalog-1398,1398,Cascade,kraker,3,19,This may help you to solve Linked List II (676),1,1,left,0,"[5, 5, 5, 5, 5]","[""r             "", ""gb         rrr"", ""gBB           "", ""gBBB          "", ""gBBBB         "", ""gBrBBB        "", ""gBgBBB        "", ""  gBBBB       "", ""  gBBrBB      "", ""  gBBgBB      "", ""     gBBB     "", ""     gBBBB    ""]"
catalog-1568,1568,Simple Crawl,caled,3,19,Just another simple crawl,6,6,left,0,"[3, 10, 10, 0, 0]","[""      GG       "", ""      bbG      "", ""bbbbb bR   bbbb"", ""bGbGb b    bGGb"", ""bGbGb b    bGGb"", ""bGbGb b    bRGb"", ""bRGGbbbbbbbbGGb"", ""      b    bGGb"", ""    G b    bbbb"", ""   GbRb        "", ""   Gbbb        "", ""    GGG        ""]"
catalog-1921,1921,It takes two to tango (2),kraker,3,19,I would like to add some background music here,3,4,right,0,"[2, 6, 0, 0, 0]","[""Gbbbbbbr       "", ""Gbbbbbbr       "", ""       r       "", ""    bbbr       "", ""       r       "", ""       rbbbbG  "", ""       rbbbbG  "", ""       rbbbbbbG"", ""       rbbbbbbG""]"
catalog-2152,2152,Drunken painter,ebusiness,3,19,,11,0,right,1,"[2, 10, 0, 0, 0]","[""    B          "", ""BGGGGBRGGGBBB  "", ""B   B       B  "", ""B BBRBB GGGRGBB"", ""B B G G B   B B"", ""R R G G B   R G"", ""G B G R R   B G"", ""G BRB B G   G R"", ""B     B B   B G"", ""BBGRBBG GGRBB B"", ""              B"", ""gGBBGGGRBBBGGGG""]"
catalog-2276,2276,Store Length,benjaminrr,3,19,,11,0,up,1,"[8, 4, 8, 4, 2]","[""R               "", ""g               "", ""gR              "", ""ggRGGGGG        "", ""gggggggg        "", ""gggggggg        "", ""gggggggg        "", ""gggggggg        "", ""ggggggggRG      "", ""ggggggggggRGGGGG"", ""gggggggggggggggg"", ""gggggggggggggggg""]"
catalog-2303,2303,The green stared corners,mcc900,3,19,"Green means ""turn"". There's no doubt about that. But... which way?",11,3,down,0,"[6, 4, 0, 0, 0]","["" GbbbG      GbG "", "" b   b GbbG   b "", "" b   b b  b   b "", "" b   b b GbbG b "", "" GbbbbbG GG b b "", ""     b      b b "", ""     b  GbbbG b "", ""     b  b     b "", ""GbbbbG  b   GbbG"", ""b       b   b GG"", ""b       GbbbG   "", ""Gbbg            ""]"
catalog-2605,2605,My fantasy puzzle,anton_s,3,19,,10,15,left,4,"[7, 7, 0, 0, 0]","["" G RbRbbbbbbbbbG"", "" b b b          "", "" b bbRbRbbbbbbbG"", "" b b b b        "", "" b bbbbRbRbbbbbG"", "" b b b b b      "", "" b bbbbbbRbRbbbG"", "" b b b b b b    "", "" b bbbbbbbbRbRbG"", ""RbbbRb b b b b  "", ""RR RRG G G G Rbb""]"
catalog-3838,3838,Why stack (full recursion)?,denisb,3,19,"Because it allows 3 funct: down/forward end/turn up:2/3, rich but hard, complex",5,10,down,0,"[10, 0, 0, 0, 0]","["" ggg    GGR  bg "", ""gg    GGG GG rgg"", ""br  GGG   BG   g"", ""  GGG   GGRGG  g"", ""GGG     GR  G   "", ""GBBBBBR  Gr RBBG"", ""      G  GG  GGG"", ""g     GG   GGG  "", ""g      G RGG    "", ""ggr    GGB   rbb"", "" gb     GB   ggg"", "" gg     GG ggg  ""]"
catalog-4053,4053,Red Blossoms,kakuoh,3,19,"If you dislike a random walk, use normal method.",4,3,right,1,"[2, 8, 6, 0, 0]","[""    B    "", ""   BBB   "", ""    B    "", "" B  B  B "", ""BBBbBBBBB"", "" B  B  B "", ""    B    "", ""   BBB   "", ""    B    ""]"
catalog-4982,4982,Whirl,orlando_l,2,19,???,6,5,right,0,"[4, 10, 5, 10, 4]","[""BGGGGGGGGGGBR"", ""GgbbbbbbbbgGb"", ""GbBGGGGGGBbGb"", ""GbGgbbbbgGbGb"", ""GbGbBGGBbGbGb"", ""GbGbGGGBbGbGb"", ""GbGbGbbbgGbGb"", ""GbGbBGGGGBbGb"", ""GbGgbbbbbbgGb"", ""GbBGGGGGGGGBb"", ""Ggbbbbbbbbbbg"", ""BGGGGGGGGGGGB""]"
catalog-10571,10571,Redz,fffrank,2,19,Every other red tile,9,0,up,0,"[4, 2, 0, 0, 0]","[""rbbbbbbbbrbbbr"", ""b            r"", ""b rbbbbbrbbr b"", ""b b        b b"", ""b b rbbrbr r b"", ""b b r    B b b"", ""b b b      b b"", ""r b rbbbrbbr b"", ""b r          b"", ""b rrbbbbbbbbbr""]"
catalog-10797,10797,Strange stack,scorpio,3,19,Fractal training (#10794 and #10795),8,2,right,3,"[3, 5, 0, 0, 0]","[""bbbbbbbBggggggb "", ""g             b "", ""g bbbbbBggggb b "", ""g g         b b "", ""g g         b B "", ""B B         B g "", ""b b         g g "", ""b b         g g "", ""b bggggBBbbbbbb "", ""b               "", ""bgggggggBbbbbbbB""]"
catalog-51,51,Cartwheel,stingray,3,94,Recursion is a piece of cake.,5,6,right,0,"[2, 7, 7, 2, 0]","[""    gRgg    "", ""   ggb gg   "", ""  gg b  Gg  "", "" gG  b   gg "", ""gg   B    gg"", ""g    rrBbbbR"", ""RbbbBrr    g"", ""gg    B   gg"", "" gg   b  Gg "", ""  gG  b gg  "", ""   gg bgg   "", ""    ggRg    ""]"
catalog-153,153,Wrong Turn,recursive,3,187,Turn left.  Usually.,11,5,right,0,"[5, 5, 5, 0, 0]","[""gbbbbbbbbbbbbbbg"", ""b              b"", ""b gbbbbbbbbbbg b"", ""b b          b b"", ""b b R        b b"", ""b b gbbbbbbg b b"", ""b b        b b b"", ""b gbbbbbbbbg b b"", ""b            b b"", ""gbbbbbbbbbbbbg b"", ""               b"", ""     bbbbbbbbbbg""]"
catalog-1676,1676,Double Your Count,benjaminrr,2,56,,0,0,down,0,"[4, 4, 0, 0, 0]","[""b  RbbbbbbbbGbbb"", ""b     b  b     b"", ""b     G  b     b"", ""G     b  b     b"", ""b     b  b     b"", ""b     b  b     b"", ""b  bbbbGbR     G"", ""b  G     b     b"", ""b  b     b     b"", ""bbbbbGbbbbbbbbbb""]"
catalog-267,267,Existence sign,sungjin,3,93,Use paint tile carefully.,0,0,right,2,"[5, 7, 0, 0, 0]","[""rrrrrrrrrrrrrrrg"", ""               r"", ""               r"", ""               r"", ""Brrrrrrrrrrrrrrr"", ""               r"", ""               r"", ""               r"", ""Brrrrrrrrrrrrrrr""]"
catalog-1031,1031,Ruby String,axelbrz,3,37,Let's go to the big ruby,1,1,up,0,"[10, 0, 0, 0, 0]","[""bbb bbb bbb bbb"", ""brgbbRb bRbbgRb"", ""bbb bgb bgb bbb"", ""     b   b   b "", ""bbb bbb bbb bgb"", ""bRbbgRb bRb gRb"", ""bgb bbb bRb bbb"", "" b      bRb  b "", ""bbb bbb bbb bgb"", ""bRgbbRgbbRgbbRb"", ""bbb bbb bbb bbb""]"
catalog-1475,1475,JAP,engraved,3,37,Just another puzzle,10,0,right,0,"[2, 5, 0, 0, 0]","[""BBBRBBB"", ""B     B"", ""BBBRBBB"", ""B B B B"", ""R BBRBB"", ""B R B R"", ""BBBRBBB"", ""B B R B"", ""BBBRBBB"", ""      B"", ""bBBRBBB""]"
catalog-2593,2593,Addition 2,ruilov,2,37,variation on the same concept,2,10,up,0,"[3, 6, 0, 0, 0]","[""          gbbbbg"", ""          b    b"", ""          b    b"", ""               b"", ""               b"", ""               b"", ""rrrrrrrrrrrrrrrg"", ""R               ""]"
catalog-13827,13827,level 13,Louis,2,37,,11,0,up,0,"[10, 0, 0, 0, 0]","[""          G"", ""bgggggggb g"", ""g       g g"", ""g bgggb g g"", ""g g   g g g"", ""g g brb g g"", ""g g g   g g"", ""g g bgggb g"", ""g g       g"", ""g bgggggggb"", ""g          "", ""g          ""]"
catalog-129,129,Cross,evko,4,18,,6,4,right,0,"[7, 5, 0, 0, 0]","[""    R    "", ""    B    "", ""  RBBBR  "", ""  B B B  "", ""RBBBRBBBR"", ""  B B B  "", ""  RBbBR  "", ""    B    "", ""    B    "", ""    B    "", ""    B    "", ""    R    ""]"
catalog-337,337,log base 2,alvarom,4,18,... times 2,0,0,right,0,"[8, 8, 6, 4, 0]","[""gbbbbbbbbbbbbbbr"", ""gbbbbbbr       b"", ""gbbr   b       b"", ""gr b   b       b"", ""Bb b   b       b"", "" B b   b       b"", ""   B   b       b"", ""       B       b"", ""               B""]"
catalog-384,384,Funnels,recursive,4,18,Some good old fashioned multi-recursion,11,7,up,0,"[10, 5, 5, 5, 0]","[""    RRRRRRR    "", ""     BBBBB     "", ""      BBB      "", ""       BRRRR   "", ""RRRRRRR BBBRRRR"", "" BBBBB   BBBBB "", ""  BBB     BBB  "", ""   BRRRRRRRB   "", ""    BBBBBBB    "", ""     BBBBB     "", ""      BBB      "", ""       b       ""]"
catalog-385,385,double width,shahbawany,3,36,,5,5,right,7,"[4, 0, 0, 0, 0]","[""rBBr          "", ""rBBr    rrrr  "", ""rBBr    rBBr  "", ""rBBrrrrrrBBrrr"", ""rBGBBBBBBBBBBB"", ""rBBBBbBBBGBBGB"", ""rBBrrrrrrBBBBr"", ""rBBr  rrrBBBBr"", ""rBBr  rBBGBBGr"", ""rBBr  rBBBBBBr"", ""rrrr  rrrrrBBr"", ""          rBBr""]"
catalog-593,593,Snowflake,markbyers,3,18,,5,5,right,0,"[10, 5, 5, 5, 5]","[""    BBB    "", ""   B B B   "", ""  BBBBBBB  "", "" BBB B BBB "", ""B B  B  B B"", ""BBBBBbBBBBB"", ""B B  B  B B"", "" BBB B BBB "", ""  BBBBBBB  "", ""   B B B   "", ""    BBB    ""]"
catalog-618,618,Turn around 4 - Tree,markbyers,4,18,,10,6,down,0,"[10, 0, 0, 0, 0]","[""      RbbbgbbR"", ""          b   "", ""          b   "", ""          b   "", ""RgbbbbbbR b   "", "" b        b   "", "" b        b   "", "" gbbbbgbbbg   "", "" b    b   b   "", "" R    b RbgbbR"", ""      b       ""]"
catalog-903,903,The Narrow Way,xodusprime,3,36,The way between is narrow and wrought with danger.,3,3,right,0,"[4, 5, 0, 0, 0]","[""  R  R  "", ""  g  g  "", ""  g  g  "", ""RgrbbrgR"", ""  g  g  "", ""  g  g  "", ""  R  R  ""]"
catalog-971,971,Counting and Doubling 2 (v2),markbyers,4,18,A hint for the original puzzle.,0,0,right,0,"[5, 5, 5, 0, 0]","[""ggggggggrrrrrrrr"", ""               g"", ""rbbbbrrrrrrrr  g"", ""r           b  g"", ""r  rR rbrr  b  g"", ""r  g  r  g  r  g"", ""g  rrrgggr  r  r"", ""g     g     r  r"", ""g     rrrgggr  r"", ""g              r"", ""rrrrrrrrrrbbbbbr""]"
catalog-1191,1191,Saint John's Arms,sticky,4,18,Not 'LUCKY CHARMS!',5,5,right,4,"[2, 2, 5, 0, 0]","[""GGG  GGG"", ""G G  G G"", ""GGGGGGGG"", ""  G  G  "", ""  G  G  "", ""GGGGGgGG"", ""G G  G G"", ""GGG  GGG""]"
catalog-1234,1234,Training Day III (hacking),axorion,3,18,Should I really be teaching this? Hint:As in chess this piece cannot be blocked.,3,6,right,2,"[8, 3, 0, 0, 0]","[""         bRbb  "", ""         bbbBbb"", ""        bBbbbbR"", ""      bbbbb bbb"", ""    bbbbBbbbbBb"", ""  bbbGbbbbBbbb "", ""bbGbbbbBbbbbBbb"", ""bbbbBbbbbBbbbbR"", ""bGb  bBbbbbRbbb"", "" bbBbbbbBbbbbBb"", "" bbbbGbbbbBbbb "", "" bGbbb    bbRb ""]"
catalog-1296,1296,Rewind Tape - Simplified,countdown_0,3,18,Are you sure you have to turn?,0,9,down,0,"[8, 3, 0, 0, 0]","[""bgbGbbBbbbBBB"", ""b  b     B  G"", ""g  b     G  B"", ""Bgbr     BBBG"", ""b            "", ""g            "", ""Bgbr     GBBB"", ""b  b     B  G"", ""b  g     B  B"", ""gbgBbbBbbBBBG""]"
catalog-1334,1334,Go back,theoz,2,36,,3,4,right,2,"[5, 5, 5, 0, 0]","[""  GbbbbG "", ""  b    b "", ""  b    b "", ""  b bBbG "", ""  b      "", ""  GbbbbbR"", ""    b    "", ""Gbbbb    "", ""    R    ""]"
catalog-1468,1468,Stack & Plain (stubborn),kraker,3,36,,0,0,right,0,"[10, 4, 4, 0, 0]","[""bBRBBBB       "", ""      R       "", ""BBBRBBR       "", ""R             "", ""R             "", ""BBBRBBBBBB    "", ""         R    "", "" BBBBRBBBR    "", "" R            "", "" R            "", "" BBBBRBBBBBBBB"", ""             R""]"
catalog-1551,1551,Hushpuppy,kraker,3,18,Learn to crawl!,11,1,up,0,"[5, 7, 3, 0, 0]","["" GGGGG    GGGGG "", ""GbbbbbG  GbbbbbG"", ""Gb   bG  Gb   bG"", ""Gb r bG  Gb r bG"", ""Gb b bG  Gb b bG"", ""Gb   bG  Gb   bG"", ""Gb  bbG  Gbb  bG"", ""Gb  Bbr  rbB  bG"", ""Gb  Bbr  rbB  bG"", ""Gb  BbrrrrbB  bG"", ""Gb  BbbbbbbB  bG"", ""Gb   BBBBBB   bG""]"
catalog-1635,1635,7,sticky,3,18,,4,6,right,0,"[10, 2, 0, 0, 0]","[""  rbbbbbbbbbr"", ""  b         b"", ""rbbbr  rbbr b"", ""b b b  b  b b"", ""b b b bbbbr b"", ""b b b  b    b"", ""b rbr  rbbbbr"", ""b            "", ""rbbbbbbbbr   "", ""         B   ""]"
catalog-1663,1663,Dizzy Distance,sticky,3,18,,11,0,right,0,"[7, 5, 7, 5, 0]","[""RbbbbgggbbbggbgR"", ""b              g"", ""b RRRRR        g"", ""g R  R  RRRRRR g"", ""g R  R  R    b g"", ""g RR R  R    b g"", ""g    R  R    b b"", ""g    RRRRRRR b b"", ""g            g b"", ""RbbbgggggbbbbR g"", ""               g"", ""rbgbbbgbbbbggbgR""]"
catalog-1767,1767,Triple your count,lendesg,3,18,,0,0,right,0,"[5, 7, 0, 0, 0]","[""gbbrbbbbbb"", ""         b"", ""         r"", ""         b"", ""         b"", ""       gbb"", ""       b  "", ""       r  "", ""       b  "", ""       b  "", ""   gbbrb  "", ""   B      ""]"
catalog-1885,1885,Near Miss,axorion,3,18,So close and yet so far away.,0,0,down,0,"[2, 7, 0, 0, 0]","[""b bbbbbbGbbbbbb "", ""b b           b "", ""b G R b bGbGb b "", ""G b b   G b G G "", ""b bGbbR bbGbb b "", ""b b b b   b   b "", ""bbbGbbbbGbbbGbb "", ""b G b b   b   b "", ""G b R R R R R G "", ""b b     b b b b "", ""bbbbbGbbbbGbbGbG"", ""               R""]"
catalog-2138,2138,Simple Math 4,axorion,3,18,"C=A+B; Where A is start to red, B is green to red and C is red to end.",0,0,down,0,"[5, 5, 10, 0, 0]","[""b    G         "", ""G  bbbbbbRGbbbb"", ""b  G b        b"", ""b  RGbbbRGbbb b"", ""R  b R    b b b"", ""b  b b    b R b"", ""b  bbbGRbbbbG b"", ""b    b    b   R"", ""b    b    R   b"", ""b GbbbbRbbbbbbb"", ""b         G   b"", ""bbGbRbbbbbb   G""]"
catalog-2171,2171,3 holes,onqt,2,36,,0,9,down,0,"[7, 0, 0, 0, 0]","[""         g    "", ""      gbgb    "", ""      b bb    "", ""  gbg gbbg bbb"", ""  b b   b  b b"", ""gggbbbbbg  B r"", ""gbbbg        b"", "" r       bbb r"", "" b       b b b"", "" bbrbrbrbrbb r"", ""         b   b"", ""         bbrbb""]"
catalog-2378,2378,Skyscrapers,qinn,4,18,"Green = -1, Red = +1",1,0,down,0,"[5, 5, 10, 0, 0]","[""   B            "", ""bB b           B"", ""bb b  B        b"", ""bb b  b     B  b"", ""bb b  b     b  b"", ""bb b  b     b  b"", ""bb b  b     b  b"", ""bb bG b     b  b"", ""bbRbbGbG GGRbR b"", ""bbbbbbbbRbbbbbRb"", ""GGGGGGGGGGGGGGGG""]"
catalog-2575,2575,Strange spiral 3,anton_s,3,18,The last strange spiral.,6,6,right,0,"[8, 0, 0, 0, 0]","[""    GbbbR   "", ""   GG   RR  "", ""  GG     RR "", "" GG  GbR  RR"", ""GG  GG RR  b"", ""b  GG  GG  b"", ""b  b  bG  GG"", ""b  RR    GG "", ""RR  RR  GG  "", "" RR  RbbG   "", ""  RR        "", ""   RR       ""]"
catalog-2712,2712,s,kapla,3,18,,6,0,up,0,"[5, 7, 0, 0, 0]","["" R       "", "" B  R    "", ""RBR B    "", ""BBBBBGR  "", ""BBBRBB   "", ""BBBBBBR  "", ""bBBBBBBBR"", ""  B      ""]"
catalog-3127,3127,Hourglass,axorion,3,18,,8,9,left,0,"[4, 4, 4, 4, 4]","["" RBBBBBBBBBBR"", "" BB        BB"", ""RBBBBBBR  BB "", ""BB BB BB BB  "", "" BB BBB BB   "", ""  BBBBBBB    "", ""   BB BB     "", ""  BBBBBBB    "", "" BB BBB Bb   "", ""BBBBBBBBBB   "", ""  BB   BB    "", "" BBBBBBBBB   ""]"
catalog-3851,3851,Turn `after red`,shaggy12,3,18,Hope such puzzle does not exist :),1,5,right,2,"[10, 0, 0, 0, 0]","[""            B"", ""Rbbbbbbbbbbbb""]"
catalog-3867,3867,Repeating Tree,azure,3,18,Simple repeating tree with paint.,6,7,up,7,"[3, 10, 0, 0, 0]","[""R   R     R   R"", ""B   B     B   B"", ""GBGBRBBGBBRBGBG"", ""B B B  B  B B B"", ""R B RBBBBBR B R"", ""  B    B    B  "", ""  GBBBBbBBBBG  "", ""R B RBBBBBR B R"", ""B B B  B  B B B"", ""GBGBRBBGBBRBGBG"", ""B   B     B   B"", ""R   R     R   R""]"
catalog-3892,3892,Green Lane,shaggy12,3,18,Collect the stars from the grass and the seashore,11,0,right,0,"[5, 5, 3, 0, 0]","[""          BBGGGB"", ""          GGGB  "", ""          GGGB  "", ""       BBBGB    "", ""      BGGGGB    "", ""    BBGGGGB     "", ""   BGGGB        "", ""   GGB          "", "" BBGGGB         "", "" GGGB           "", ""BGGB            "", ""gGGB            ""]"
catalog-4233,4233,design puzzle,denisb,2,18,to solve the puzzle should be easier than to design it...,9,6,right,0,"[4, 2, 2, 2, 0]","["" GGRBGRBGRB "", ""BBRB    GGBR"", ""RR B    B GR"", ""GRGG    BRRB"", ""B          G"", ""R          R"", ""G       BBGB"", ""B       R GG"", ""R       RBRR"", ""RGBRGBbRGBB ""]"
catalog-5124,5124,Tim's Puzzle #8,timthree,2,18,Enjoy!,11,0,right,0,"[6, 9, 2, 0, 0]","[""rbbbbbbbbbbbbbbr"", ""b              b"", ""b           BB b"", ""b         BBBB b"", ""b       BBBBBB b"", ""b     BBBBBB   b"", ""b   BBBBBB     b"", ""b BBBBBB       b"", ""b BBBB         b"", ""gBBB           b"", ""               b"", ""bbbbbbbbbbbbbbbr""]"
catalog-7257,7257,Addition,babosae,3,18,,0,0,right,0,"[5, 6, 6, 0, 0]","[""bgggrbbbbbbbbbbb"", "" bbb        gbbg"", "" bbb bggrbbb gbg"", "" bbg bbg  gg gbg"", "" gg  bg   gg   r"", ""     b     r   b"", ""     b     b g b"", ""     b    Bb b b"", ""     r       b b"", ""     gbbbg   bgb"", ""     gbg     bbb"", ""     bbbbbbbrggb""]"
catalog-10379,10379,Jumpers,kraker,3,18,,11,0,up,4,"[10, 0, 0, 0, 0]","[""         GGGG  b"", ""         G  b  b"", ""         G  b  b"", ""      GGGG  b  b"", ""      G  b  b  b"", ""      G  b  b  b"", ""   GGGG  b  b  b"", ""   G  b  b  b  b"", ""   G  b  b  b  b"", ""GGGG  b  b  b  b"", ""G  b  b  b  b  b"", ""g  R  R  R  R  r""]"
catalog-10460,10460,Programmed Snake,jojois74,3,18,Remember your instructions.,10,1,right,0,"[3, 3, 3, 3, 0]","[""b bbbbbbbbbbbb"", ""bBBBB bbbbbbbb"", ""bBbbBbbbbbbbbb"", ""bBbb bbbbb bbb"", "" BBBBb BBBBbbb"", ""bbbbBbbBbbBbbb"", ""bbbbBbbBbbBbb "", ""bbb BBBBb BBBB"", ""bbbbbbb bbbbbB"", ""bbbbbbbbbbbbbB"", ""bbrrrgrrggrggB""]"
catalog-12969,12969,Will the call stack be on the test?,axorion,3,18,You can count on it.,0,0,right,0,"[5, 5, 5, 5, 0]","[""bbbbbbbbbbbbr "", ""            b "", ""      G     b "", ""  rbbbbbbr  b "", ""  b      b  b "", ""  b      b  b "", ""  b  rbb b  bG"", ""  b Gb G b  b "", ""  b  b   b  b "", ""  b  rbbbb  b "", ""  b         b "", ""  bbbbbbbbbbr ""]"
catalog-15090,15090,vid test Level 5,pschbb12,2,18,ICbDJpHTEnQ t=390,0,5,down,2,"[3, 4, 0, 0, 0]","[""     r     "", ""     g     "", ""     g     "", ""     g     "", ""     g     "", ""BggggrggggB""]"
catalog-365,365,"Upstairs, downstairs",rafaelromao,3,475,,7,0,right,0,"[3, 3, 3, 3, 0]","[""       Rg"", ""      BgB"", ""     BgB "", ""    BgB  "", ""   BgB   "", ""  BgB    "", "" BgB     "", ""bgB      "", ""gR       ""]"
catalog-773,773,LUCKY CHARMS!,ammonzing,2,70,in honer of Taintedfalcon!,2,2,right,4,"[3, 4, 0, 0, 0]","[""GgG GgG"", ""g g g g"", ""GgggGgG"", ""  g g  "", ""GgGgGgG"", ""g g g g"", ""GgG GgG""]"
catalog-833,833,x,ammonzing,2,140,marks teh spot,6,7,right,0,"[8, 0, 0, 0, 0]","[""rr  rrrrrrr  rrr"", ""r GB rrrrr BG rr"", ""r BbB rrr BbB rr"", ""rr BbB r BbB rrr"", ""rrr BbB BbB rrrr"", ""rrrr BbBbB rrrrr"", ""rrrrr BrB rrrrrr"", ""rrrr BbBbB rrrrr"", ""rrr BbB BbB rrrr"", ""rr BbB r BbB rrr"", ""r BbB rrr BbB rr"", ""r GB rrrrr BG rr""]"
catalog-1592,1592, along the margin,samarth,2,35,dedeen neerg on,0,0,left,2,"[8, 0, 0, 0, 0]","[""bbbbbbBr"", ""bbbbbbBr"", ""bbbbbbBR"", ""bbbbbbBr"", ""bbbbbbBR"", ""bbbbbbBr"", ""bbbbbbBR"", ""bbbbbbBr"", ""bbbbbbBr""]"
catalog-1690,1690,Noose,kraker,2,35,,0,15,left,0,"[3, 5, 0, 0, 0]","[""BBBBBBBrBBBBBBBb"", ""      rbr       "", ""     rb br      "", ""    rb   br     "", ""   rb     b     "", ""   b      b     "", ""   b      b     "", ""   b      b     "", ""   b      b     "", ""   rb     b     "", ""    rb   br     "", ""     rBBBr      ""]"
catalog-15126,15126,...?,Idunn0,2,35,Idunn0,5,0,right,0,"[5, 0, 0, 0, 0]","[""               R"", ""              rr"", ""             rr "", ""            rr  "", ""           rr   "", ""bbbbbbbbbbbr    ""]"
catalog-260,260,crosshairs,wallacoloo,3,34,,4,5,right,6,"[10, 5, 5, 0, 0]","[""       R        "", ""       g        "", ""       g        "", ""    ggggggg     "", ""    gbbBbBg     "", ""    gbBbBbg     "", ""RggggBbRbBgggggR"", ""    gbBbBbg     "", ""    gBbBbBg     "", ""    ggggggg     "", ""       g        "", ""       R        ""]"
catalog-283,283,Use the map,snydej,4,17,,6,7,left,0,"[5, 5, 5, 0, 0]","[""bbbbbbbb       "", ""bGbbGbGb R R  R"", ""bGGbGGGb RRR RR"", ""bGbbbbGb R    R"", ""bGGGGGGb RRRRRR"", ""bGbbbbbb      R"", ""bGbGGbGgRR RR R"", ""bGbGbbGb R  R R"", ""bGbGbGGb RR R R"", ""bGbGbbGb R  R R"", ""bGGGGGGb RRRRRR"", ""bbbbbbbb       ""]"
catalog-378,378,Oscillations,snydej,4,17,One side tells you how far to go,5,0,right,0,"[7, 10, 7, 3, 2]","[""    R    BR     "", "" R  B    BB   B "", "" BR BB R BB R B "", "" BBBBB B BBBBBB "", ""RBBBBBBBRBBBBBBB"", ""gGGGGGGGGGGGGGGG"", ""BBBBBBRBBBBBBBBR"", "" BBRBB B BBRBRB "", "" BB BR B BB B B "", "" B  B    BB   R "", ""    B    RB     ""]"
catalog-510,510,Lawn Mower,rafaelromao,2,85,,2,5,right,0,"[4, 4, 4, 0, 0]","[""GBG       R"", ""B B       B"", ""GBBBBbBBBBG"", ""B B       B"", ""GBG       R""]"
catalog-624,624,Imperfect Reflection,snydej,4,17,,5,0,right,0,"[10, 10, 10, 10, 10]","[""    G    G   B  "", ""G   G   BBB  G  "", ""B B B   GGBGGB B"", ""GBBBG  GGGGGGBGB"", ""BGGBGBGBBBGBGGGB"", ""rRRRRRRRRRRRRRRR"", ""BGGBGGBBBBGBGGGB"", ""GGBGG  BGGGGGBBB"", ""B G B   GGBBBB G"", ""B   G   GBG  G  "", ""    B    B   G  ""]"
catalog-859,859,Jade Key,dvorjakque,3,17,,10,1,right,0,"[7, 7, 0, 0, 0]","[""bbbbbbbbbbbbbbbb"", ""bbbbbbbbbGGGGbbb"", ""bbGGGG   G  G bb"", ""bbbbbGGGGG  G bb"", ""bbbbbbbbbbbbGGGb"", ""bbb b b bb b  Gb"", ""bb  GGGGGbbb  Gb"", ""bb  G   G  GGGGb"", ""bb  G   G  G  bb"", ""bbbbGbbbGGGGbbbb"", ""bbGGGbbbbbbbbbbb"", ""bbbbbbbbbbbbbbbb""]"
catalog-1013,1013,Widening,markbyers,3,17,,3,4,down,0,"[5, 5, 5, 0, 0]","[""gbbbbbRRRRRR"", ""b     RRRRRR"", ""b         RR"", ""b   b  RR RR"", ""b   b  RR RR"", ""b   b  RR RR"", ""b   b  RRRRR"", ""gbbbg  RRRRR""]"
catalog-1086,1086,Binary,ebusiness,4,17,There are 10 kinds of people in the world...,0,0,right,0,"[9, 8, 6, 3, 2]","[""rggbrrrrrR "", ""rgbgrrrrR  "", ""rbggrrR    "", ""rbgbrR     "", ""rbbB       "", ""rgggrrrrrrR"", ""rgbbrrrR   "", ""rggbrrrrrR "", ""rbbgR      "", ""rbbB       "", ""rggbrrrrrR "", ""rbggrrR    ""]"
catalog-1095,1095,Chess Knight II,karby,3,17,"The usual drill - right on green, left on red...",11,0,up,0,"[4, 4, 5, 5, 0]","["" bbGbb   bbGbb  "", ""bGbbbBbbbBbbbGb "", ""bb   bbRbb   bb "", ""Gb           bBb"", ""bb            bb"", ""bGbbbRbbbRbb  bG"", "" bbGbbbGbbbRb bb"", ""           bb Rb"", "" bbGbb     bR bb"", ""bGbbbBbb   bb bB"", ""bb   bbBbbbRb   "", ""bb     bbRbb    ""]"
catalog-1373,1373,Turning Red,sticky,3,17,Right on red,11,0,right,0,"[3, 4, 5, 0, 0]","[""   RbR   RbbbbbR"", ""   b b   b     b"", ""   b b RbbbbbR b"", ""   b b b b   b b"", ""RbbRbbbbbbbR b b"", ""   b b b b b b b"", ""   b b b RbbbR b"", ""   b b b   b   b"", ""   b b RbbbR   b"", ""   RbR         b"", ""               b"", ""bbbbbbbbbbbbbbbR""]"
catalog-1376,1376,Step Memory,snydej,3,17,,2,0,right,0,"[10, 10, 0, 0, 0]","[""  GGG           "", ""    G           "", ""rrb G           "", ""  b GGGGGG      "", ""  b      G      "", ""  rrrrrb GG     "", ""       b  GGGG  "", ""       rb    G  "", ""        rrrb G  "", ""           b GGG"", ""           b   G"", ""           rrGGG""]"
catalog-1378,1378,Symmetric Protrusions,snydej,4,17,,11,6,up,0,"[10, 10, 10, 5, 0]","[""RBBBR RRR RRRRR"", ""B   B B R R   R"", ""B G G B R R R R"", ""B B   B R   R R"", ""B RBBBG RRRRR R"", ""B     B R     R"", ""RBBBBBG RRRRRRR"", ""      B R      "", ""RBG GBG RRR RRR"", ""B     B R     R"", ""RBBBBBG RRRRRRR"", ""      b R      ""]"
catalog-1569,1569,Impertinent Datum (Butterfly),axorion,3,17,The spacing from green to green is deliberately misleading.,6,6,up,0,"[6, 2, 0, 0, 0]","[""GbbG     GbbG"", ""b  bbG Gbb  b"", ""b    b b    b"", ""Gb   bGb   bG"", "" b    b    b "", "" Gbb  b  bbG "", ""   GbbrbbG   "", ""  Gb  b  bG  "", ""  b   b   b  "", ""  b  bGb  b  "", ""  GbbG GbbG  ""]"
catalog-1606,1606,the lady or the tiger,flarghsnoofter,2,34,,0,3,up,0,"[10, 0, 0, 0, 0]","[""Rbbbbbr"", ""      b"", ""      b"", ""      B""]"
catalog-1613,1613,Push and Paint,dannythorne,3,17,Pop and turn,7,2,up,3,"[4, 4, 4, 4, 0]","[""BBBBBBBBBBBgBBBB"", ""     BBgrBBBB  r"", "" BBBBBBrgrgBr  B"", ""BrBBBBBBBBB BBrB"", ""BBBBBBgrggrgBB  "", ""gBgBrB       BB "", ""gBgBrr       BB "", ""BBbBBBBgrggrgB  "", ""BrBgBB       BB "", ""BrBgBB       BB "", ""BBBBBBgrggrgBB  ""]"
catalog-1647,1647,Keep on turning,kraker,3,17,At the end,0,0,right,0,"[3, 5, 3, 0, 0]","[""bbbbbbbbbbbbbbbr"", ""               b"", ""        rbRRbr b"", ""        b bb b b"", ""        rbbbbr b"", ""          bb   b"", ""          bb   b"", ""          bb   b"", ""          bb   b"", ""          bb   b"", "" BB       bb   b"", "" bbbbbbbbbRRbbbr""]"
catalog-1677,1677,Another growing cross puzzle,kraker,3,17,"Don't switch, be consistent",4,3,up,0,"[4, 7, 0, 0, 0]","[""   R       "", ""   r   R   "", ""   r   r   "", "" RrbrrrgrrR"", ""   r   r   "", ""   r   r   "", ""   r   r   "", ""RrrgrrrbrR "", ""   r   r   "", ""   R   r   "", ""       R   ""]"
catalog-2044,2044,Glic Eochair,benjaminrr,3,17,Clever Key,1,0,right,3,"[10, 0, 0, 0, 0]","[""BB              "", ""bbbbbbbbbbbbbbbB"", ""            b  b"", ""            b  b"", ""            BbbB""]"
catalog-2053,2053,Glitches in Programming,masterluk,4,17,Syntax Error: Blue tile expected.,0,5,right,0,"[4, 6, 0, 0, 0]","[""     ggggggggb"", ""             g"", ""        B    g"", ""        g    g"", ""    bgb g    g"", ""    g g g bb g"", ""    bgggbggb g"", ""      g   g  g"", ""     bggb bggb"", ""bgggggb g     "", ""     bbGb     ""]"
catalog-2128,2128,Simple Math 2,axorion,3,17,C=2A; This time A can equal zero instead of B. Hint: C=2(A+B)-2B,11,0,right,0,"[5, 10, 5, 0, 0]","[""bbrbbbbbbbbbbbgb"", ""b              b"", ""g gbbbrbbbbgbb b"", ""b b          b b"", ""b b bbbbrgbr b b"", ""r b B      b b b"", ""b b        b r r"", ""b rgbbbbbrbg g b"", ""b            b g"", ""bbbgbbbrbbbbbb b"", ""               b"", ""bbbbgbbrbbbbbbbb""]"
catalog-2328,2328,Four Star Challenge,axorion,3,17,Can you use an unconditional function call?,8,5,up,0,"[10, 0, 0, 0, 0]","[""   bbBbb   "", ""   b   b   "", ""   bbgbb   "", ""bbb  b  bbb"", ""b b  b  b b"", ""B gbbrbbg B"", ""b b  b  b b"", ""bbb  b  bbb"", ""   bbgbb   "", ""   b   b   "", ""   bbBbb   ""]"
catalog-2440,2440,EZX,axorion,3,17,A new slant on an old stacker.,4,5,down,0,"[4, 4, 3, 2, 0]","[""Bb         bB"", ""bbb       bbb"", "" bbb     bbb "", ""  bbb   bbb  "", ""   bbb bbb   "", ""    bbrbb    "", ""     g r     "", ""    bbrbb    "", ""   bbb bbb   "", ""  bbb   bbb  "", "" bbb     bbb "", "" Bb       bB ""]"
catalog-2626,2626,A bit problem in the spiral,anton_s,3,17,,11,0,right,0,"[10, 0, 0, 0, 0]","[""rrbbbrbbbggbggbb"", ""b              b"", ""g bbbbrbrbrbbr b"", ""g g          r b"", ""b b gggrgrgr g g"", ""r b B      r g g"", ""b b        b r b"", ""b bbggrgbbbb b b"", ""b            g r"", ""bbrbrbggbbbggg b"", ""               b"", ""gbgbgbrbrbrbbggg""]"
catalog-3453,3453,Yet another  almost full screen,denisb,3,17,,4,2,left,0,"[10, 10, 0, 0, 0]","[""RRRRRRR GGGGGGG"", ""RGGGGGR GRRRRRG"", ""RG   GR GRRR RG"", ""RG GGGR GGGG RG"", ""RGgGRRR RRRRRRG"", ""RRrGRRR RGGGGGG"", ""   GGGR RG     "", ""GGGGGGR RGGGGGG"", ""GRRRRRRRRRRRRRG"", ""GR   RGGGR   RG"", ""GRRRRRG GRRRRRG"", ""GGGGGGG GGGGGGG""]"
catalog-3512,3512,Spring leaves,denisb,3,17,"Record first, reload then",11,2,up,0,"[5, 6, 3, 0, 0]","[""rbr   rrGG   GGG"", ""rbbbbbbrGGGGGGGG"", ""  b   rbGG   G  "", "" rbbr      GGGG "", "" rr b      G GG "", ""    b      G    "", ""   rbbbrGGGGG   "", ""   rr  bG  GG   "", ""rbr  rrbGGG  GGG"", ""b b  rbrGGG  G G"", ""rbbbbbr  GGGGGGG"", ""  b          G  ""]"
catalog-3535,3535,Shamrock ?,denisb,3,17,"No paint, no pain",2,6,up,0,"[5, 5, 4, 3, 0]","[""gb RBR   bgggggb"", ""br BGBRR rbbbbbr"", ""   RBBbR        "", "" RBBBBBBBBBBBBR "", "" BGGGBBGGGGGGGB "", "" BGGGBBGGGGGGGB "", "" BGGGBBGGGGGGGB "", "" RBBBrBGGGGGGGB "", ""      BGGGGGGGB "", ""rbbbr BGGGGGGGB "", ""bgggb BGGGGGGGB "", ""bgggb RBBBBBBBR ""]"
catalog-3981,3981,Compass,sticky,2,17,,6,6,up,3,"[10, 10, 10, 5, 0]","[""B   B    "", ""gbbbg    "", ""b B B    "", ""b gbg    "", ""b     B B"", ""b B B gbg"", ""b gbg r b"", ""b B b   B"", ""b gbbbbbg"", ""B   B    "", ""gbbbg    ""]"
catalog-4001,4001,Tim's Puzzle #1,timthree,2,34,My first puzzle.  Good luck!,9,0,up,2,"[2, 5, 6, 0, 0]","[""B  B  B  B  B"", ""r  r  r  r  r"", ""r  r  r  r  r"", ""r  r  r  r  r"", ""r  r  r  r  r"", ""r  r  r  r  r"", ""r  r  r  r  r"", ""r  r  r  r  r"", ""r  r  r  r  r"", ""brrBrrBrrBrrB""]"
catalog-4009,4009,kite,abhishekgargg,2,17,,6,3,right,7,"[7, 7, 2, 2, 0]","[""   RBBBBBR"", ""   RBBBBRB"", ""   RBBBRBB"", ""   RBBRBBB"", ""   RBRBBBB"", ""   RRBBBBB"", ""GGGbRRRRRR"", ""   G      "", ""   G      "", ""   G      ""]"
catalog-4468,4468,Green Stars,jojoshow,3,17,,5,5,right,7,"[5, 5, 5, 5, 2]","[""b         R"", ""bb       RR"", ""bbb     RRR"", ""bbbb   RRRR"", ""bbbbb RRRRR"", ""gRRRRbRRRRg"", ""RRRRR bbbbb"", ""RRRR   bbbb"", ""RRR     bbb"", ""RR       bb"", ""R         b""]"
catalog-4525,4525,Aztec Pyramid,benjaminrr,2,17,,0,0,right,0,"[6, 4, 6, 0, 0]","[""ggggR           "", ""GggggR          "", ""GgggggR         "", ""GggggggR        "", ""GgggggggR       "", ""GggggggggR      "", ""GgggggggggR     "", ""GggggggggggR    "", ""GgggggggggggR   "", ""GggggggggggggG  "", ""GgggggggggggggR "", ""GggggggggggggggR""]"
catalog-8585,8585,i forgot,sebdx,2,17,a bit of my test,5,1,up,0,"[8, 2, 0, 0, 0]","[""bbgbbb "", ""b    b "", ""b    b "", ""bbR Rbb"", "" b    b"", "" b    b"", ""     Rb""]"
catalog-9846,9846,magic B,Bristoche,2,17,,9,0,up,4,"[5, 0, 0, 0, 0]","[""ggbbbg"", ""b    b"", ""b    b"", ""GGRrrg"", ""BGGGG "", ""GRRRRG"", ""b    b"", ""b    b"", ""b    b"", ""gbbbbG""]"
catalog-10226,10226,Choose your path,Dvalen2,2,17,Try the second path,11,6,up,0,"[10, 5, 5, 0, 0]","[""grrrrrBgggb  "", ""r     b   g  "", ""grrg  rbr g  "", ""   r    b g  "", ""grrg rbbr ggb"", ""r    b      g"", ""grrg b      g"", ""   r rbbrbggb"", ""grrg    bg   "", ""r     rbrg   "", ""grrrrrbggb   "", ""      b      ""]"
catalog-11261,11261,Robin,codeKameleon,2,17,,0,3,right,3,"[6, 0, 0, 0, 0]","[""rGgrgGgbR"", ""g  g   g "", ""g  g   g "", ""G  G   G "", ""G  G   G "", ""g  g   g "", ""g  g   g "", ""rGgrgGgb ""]"
catalog-104,104,coroutines,jacob_c,2,611,,5,0,up,0,"[5, 5, 0, 0, 0]","[""  ggg      "", ""  g g      "", ""  g bggg   "", ""ggb    g   "", ""g      bggG"", ""r          ""]"
catalog-17,17,The star-studded path I,igoro,2,745,,11,1,up,0,"[10, 10, 10, 0, 0]","[""    ggg ggg "", "" gggRRRgRRRg"", ""gRRRRbRRRbRg"", ""gRbbbbbbbbRg"", ""gRbbbbbbbbRg"", ""gRRRRRRRbbRg"", "" ggggggRbbRg"", ""  bbb    bRg"", ""bbRRRb   bRg"", ""bRRgRbbbbbRg"", ""bRggRRRRRRRg"", ""brggggggggg ""]"
catalog-154,154,Missing red tile,snydej,2,962,maybe it's a red herring,11,1,left,0,"[5, 6, 0, 0, 0]","[""GBBBBBBBBBBBBr"", ""GBBBBBBBBBBB  "", ""GBBBBBBBBBBr  "", ""GBBBBBBBBBr   "", ""GBBBBBBBBr    "", ""GBBBBBBBr     "", ""GBBBBBBr      "", ""GBBBBBr       "", ""GBBBBr        "", ""GBBBr         "", ""GBBr          "", ""Gbr           ""]"
catalog-23,23,Two stripes,igoro,2,4365,There is a short solution.,2,0,up,0,"[4, 0, 0, 0, 0]","[""gggggggggg"", ""BbBbBbBbbb"", ""bBbBbBbBbb"", ""bbBbBbBbBb"", ""bbbBbBbBbB"", ""rrrrrrrrrr""]"
catalog-199,199,Fibonacci Spiral,snydej,3,101,,6,9,right,1,"[10, 5, 5, 5, 0]","[""bbbbbbbbbbbbbb"", ""b            b"", ""b            b"", ""b            b"", ""b            b"", ""b       bbr  b"", ""b       bbr  b"", ""b       b    b"", ""b       bbbbbb"", ""b             "", ""b             "", ""B             ""]"
catalog-201,201,Square Growth,snydej,3,50,,5,4,right,1,"[5, 5, 0, 0, 0]","[""BBBBBBBBBB"", ""BBBBBBBBBB"", ""BBBBBBBBBB"", ""BBBBBBBBBB"", ""BBBBBBBBBB"", ""BBBBbBBBBB"", ""BBBBBBBBBB"", ""BBBBBBBBBB"", ""BBBBBBBBBB"", ""BBBBBBBBBB""]"
catalog-387,387,Gift Wrapped,snydej,3,33,,5,5,up,0,"[10, 5, 5, 0, 0]","[""BBBBBGBBBBB"", ""BBBBBGBBBBB"", ""BBBBBGBBBBB"", ""BBBBBGBBBBB"", ""BBBBBGBBBBB"", ""GGGGGrGGGGG"", ""BBBBBGBBBBB"", ""BBBBBGBBBBB"", ""BBBBBGBBBBB"", ""BBBBBGBBBBB"", ""BBBBBGBBBBB""]"
catalog-1806,1806,up & over,onqt,2,33,green!,5,8,up,0,"[4, 4, 4, 3, 0]","[""            RBR"", ""            B B"", ""            B B"", ""            B B"", ""RBBBBBBBR   G B"", ""B       b   B B"", ""B  RBBB     B B"", ""G  B        B B"", ""B  RBBBBBBBBR B"", ""B             B"", ""RBBBBBBBBBBBGBR""]"
catalog-2202,2202,One Left Turn,axorion,3,33,Hint: 24 right turns,10,4,up,0,"[5, 5, 5, 0, 0]","[""brb bbbbrbbbb  "", ""b b b       b  "", ""b b b bbbbrbbbG"", ""b b b b     b b"", ""r b b r brb r b"", ""b r r b b r b b"", ""b b b bbrbb b r"", ""b b b r b   b b"", ""bbbrbbb bbrbb b"", ""  b b         b"", ""Gbb bbbbbrbbbbb""]"
catalog-2424,2424,Broken Symmetry,jaex,2,33,,6,6,right,0,"[10, 5, 5, 5, 0]","[""            B"", ""            b"", ""  BbbbrbB   b"", ""      b     b"", ""      b     b"", ""    B b     b"", ""    rbbbbbbbr"", ""    b b     b"", ""    B b     b"", ""      b     B"", ""      b      "", ""BbbbbbrbbbbB ""]"
catalog-42,42,The powers,igoro,2,955,,4,0,right,0,"[5, 2, 2, 2, 0]","[""BBBBBBBBB"", ""B       B"", ""B       B"", ""B       B"", ""bBBBBBBBB""]"
catalog-106,106,zipline 2,jacob_c,2,688,,0,0,right,0,"[4, 0, 0, 0, 0]","[""grrrrrrrrrrrbr"", ""            RR""]"
catalog-1227,1227,Stacking for not so newbies,style,2,65,i guess?,6,4,down,0,"[8, 0, 0, 0, 0]","[""        BR"", ""       BBB"", ""bb    BB B"", ""b    BB  B"", ""    BB   B"", ""bb  B    B"", ""bb  b    B"", ""    B   BR"", ""bb  B  BB "", ""b   B BB  "", ""    BBB   "", ""    RB    ""]"
catalog-289,289,Colorful Bar,sungjin,2,1735,But I want blue bar!,4,0,right,4,"[5, 0, 0, 0, 0]","[""RR"", ""BB"", ""GG"", ""RR"", ""bR"", ""RR"", ""GG"", ""BB"", ""RR""]"
catalog-148,148,Light goes out,evko,4,16,,8,0,up,0,"[4, 9, 4, 5, 0]","[""ggggggR    "", ""b     R    "", ""b     R    "", ""b     R    "", ""b    RBR   "", ""b   RbBbR  "", ""b  RbbBbbR "", ""b RbbbBbbbR"", ""b  RbBBBbR "", ""     B B   "", ""     BBB   ""]"
catalog-341,341,Perspective,recursive,4,16,,10,0,up,5,"[10, 10, 10, 0, 0]","[""BBBBBBBBBBB"", ""B         B"", ""BBBBBBBBB B"", ""B       B B"", ""BBBBBBB B B"", ""B     B B B"", ""BBBBB B B B"", ""B   B B B B"", ""BBB B B B B"", ""B B B B B B"", ""rBBBBBBBBBB""]"
catalog-388,388,Perspective II,snydej,4,16,,10,0,up,0,"[10, 10, 10, 0, 0]","[""GBBBBBBBBBB"", ""G         B"", ""GBBBBBBBB B"", ""G       B B"", ""GBBBBBB B B"", ""G     B B B"", ""GBBBB B B B"", ""G   B B B B"", ""GBB B B B B"", ""G B B B B B"", ""rGGGGGGGGGG""]"
catalog-479,479,sorting,alvarom,4,16,list on the right = sort (list of green sequences on the left),0,6,down,4,"[10, 10, 10, 10, 5]","[""rrrrrrrBrrrrrrr"", ""rGbbbbbrG     r"", ""rGGGGGbrG     r"", ""rGGGGGGrGG    r"", ""rGGGGGbrGGG   r"", ""rGGGbbbrGGG   r"", ""rGbbbbbrGGGGG r"", ""rGGGGGbrGGGGG r"", ""rGGbbbbrGGGGG r"", ""rGGGGGbrGGGGG r"", ""rGGGbbbrGGGGGGr"", ""BrrrrrrBrrrrrrr""]"
catalog-529,529,One lap,rainault,3,32,Turn left. Probably.,8,4,right,0,"[2, 3, 3, 0, 0]","[""GbBbBbBbG"", ""b       b"", ""B       B"", ""b       b"", ""B       B"", ""b       b"", ""B       B"", ""b       b"", ""GbBbgbBbG"", ""    B    ""]"
catalog-620,620,Symmetry - Ribbon,markbyers,3,16,,3,7,left,0,"[10, 10, 10, 5, 0]","[""    BBG  RRR    "", ""    R G  R R    "", ""    R G  R R    "", ""GGR RGGgRRRR RRR"", ""B R   G  R   R R"", ""BRRRRRR  RRRRRRR"", ""  R          R  "", ""RRRRRRB  RRRRRRR"", ""G R   B  R   R R"", ""G R BBBBRRRR R R"", ""GBB R B  R R RRR"", ""    RGG  RRR    ""]"
catalog-759,759,Battery 2,markbyers,4,16,,10,7,left,0,"[10, 0, 0, 0, 0]","[""bbbbbgbbbbb"", ""b         b"", ""b bbgbb   b"", ""g g   b   b"", ""b bB  g   b"", ""b     b   g"", ""bbbgbbb   b"", ""          b"", ""          b"", ""   ggggg  b"", ""   grrrrbgb"", ""   ggggg   ""]"
catalog-925,925,Staircases,azure,3,16,Descend the staircases to win.,3,0,right,0,"[6, 5, 0, 0, 0]","[""          B   "", ""     B    BB  "", ""  B  BB   BBB "", ""bRBRRBBRRRB BB"", ""             G"", ""       GBG  BB"", ""BRRRRRRBBB BB "", ""G        B R  "", ""BB BRRRB   R  "", "" BBB   BB  BBB"", ""  BB    BB BB "", ""   B     BGB  ""]"
catalog-1018,1018,Straight Line 1,beaza,3,16,"compare to ""Straight Line 2"" - see how function size matters",1,0,right,0,"[5, 3, 2, 0, 0]","[""BBBBBBBBBBBBBBBB"", ""bBBBBBBBBBBBBBBB"", ""BBBBBBBBBBBBBBBB""]"
catalog-1042,1042,Fermat's Spiral 2,markbyers,2,80,Same as Fermat's Spiral but with only one function.,8,0,up,0,"[10, 0, 0, 0, 0]","[""gbbbbbbbg B"", ""b       b b"", ""b gbbbg b b"", ""b b   b b b"", ""b b grg b b"", ""b b b   b b"", ""b b gbbbg b"", ""b b       b"", ""b gbbbbbbbg""]"
catalog-1129,1129,(A and B) or (C and D),beaza,4,16,,4,0,up,0,"[10, 10, 10, 4, 4]","[""G   GG G        "", ""bbbbrbbbbbb     "", ""bbrbrbrrrrb     "", ""rbrbbrbrbbb     "", ""rrbbrrbrbrbg    "", ""           bbrrG"", ""           rrbrG"", ""rbbrbbrrbrbg    "", ""rbbbbrbrrbb     "", ""brbbrrbbbrr     "", ""rbrrrrbbrrb     "", ""G   GG G G      ""]"
catalog-1145,1145,finferad,style,3,32,,5,5,right,1,"[6, 0, 0, 0, 0]","[""     B      B "", ""     B      r "", ""     B      r "", ""     B      r "", ""     b      r "", ""BBBBBgBBBBBBr "", ""BBBBBgBBBBBrgB"", ""     b      r "", ""     B      r "", ""     B      r "", ""     B      r "", ""     B      B ""]"
catalog-1555,1555,Three Phase,axorion,3,16,Sequential behavior loops,0,2,down,0,"[5, 5, 5, 0, 0]","[""rbbbr gbb rbbbbr"", ""b b b g r b    b"", ""rbr ggggr b gbbr"", ""      g   b g   "", ""grrrg rrrrb rg  "", ""r   r        br "", ""r grrrg  gbb  gb"", ""r r r r bgBgr  g"", ""r grg bbbbbbg  g"", ""r              g"", ""gr gbb rgg brr g"", "" bgb grg rbr bgb""]"
catalog-1602,1602,Pseudosymmetric,axorion,4,16,"Copy: Left to right, Right to left, Top to bottom, Bottom to top.",1,0,right,0,"[10, 10, 10, 10, 10]","[""rggggggggggggggr"", ""bggggggggggR  Rb"", ""bG          Gggb"", ""bggggggggR   Rgb"", ""bgG       Gggggb"", ""bggggggR    Rggb"", ""bggG    Gggggggb"", ""bggggR       Rgb"", ""bgG   Gggggggggb"", ""bggR          Rb"", ""bG  Gggggggggggb"", ""rggggggggggggggr""]"
catalog-1623,1623,Branches with directions,igoro,4,16,,9,6,up,0,"[10, 10, 5, 0, 0]","[""GbbG  G  GbbG"", ""r     b     b"", ""b     b     r"", ""GrrGrbG  GrbG"", ""b  r     r   "", ""b  r     b   "", ""G  GrrGrrG  G"", ""   b  r  r  b"", ""   r  r  b  b"", ""GbbG  g  GrbG""]"
catalog-1854,1854,Symmetry :) 7,lendesg,3,16,,0,0,right,0,"[7, 7, 2, 0, 0]","[""bbbg        "", ""   b        "", ""   b        "", ""   b        "", ""   b RRRRRRR"", ""   gbbbg   R"", ""     R b   R"", ""     R b   R"", ""       R   R"", ""       RRRRR""]"
catalog-1859,1859,Code Green,masterluk,3,16,Most likely the hardest of the three colors.,0,0,right,0,"[9, 7, 7, 0, 0]","[""gggggggggggggggG"", ""g g  g   g    g "", ""g g  g   g    g "", ""g g  g   g    g "", ""g g  g   g    g "", ""G G  G   G    G ""]"
catalog-2167,2167,Bitshift,ebusiness,3,16,Move the colours forward as you go.,9,9,up,7,"[10, 10, 0, 0, 0]","["" BbGbGbGbG      "", ""   b b b b      "", ""GbbRbbbGbRbbbGbR"", ""b  b b b b   b b"", ""b  b b b b   b b"", ""GbbGbGbbbbbR b b"", ""b  b   b b b b b"", ""GbbRbbbGbbbbbGbR"", ""b  b   b b b b b"", ""RbbGbbbG r GbbbG"", ""   b         b  "", ""   RbbbbbbbbbR  ""]"
catalog-2312,2312,That other one.,gm101,3,16,,5,8,down,6,"[5, 5, 0, 0, 0]","[""RbbbbbbgRbbbbbbR"", ""b       b      b"", ""b       b      b"", ""b  gg   b  gg  b"", ""b  gg   b  gg  b"", ""b       g      g"", ""RbbbbbbbRbbbbbbR"", ""b       b      b"", ""b  gg   b  gg  b"", ""b  gg   b  gg  b"", ""b       b      g"", ""RbbbbbbbBbbbbbbR""]"
catalog-2419,2419,First & Last Color,jaex,2,32,,3,0,down,0,"[10, 3, 3, 0, 0]","[""     G         R"", "" RG  b     g   g"", "" br  b     gg  g"", ""rgb  r  G  g   g"", ""bbr  r Rb      g"", ""bgb  bGbb      b"", ""bbr  bbbb R    b"", ""bgb  rbbr b    g"", ""bbrGRrbgr g  G g"", ""bgbrbbbgr g GbRg"", ""bbrbgbbgrRbGrbgg"", ""RRGGRGGRGRRGGGRR""]"
catalog-2453,2453,Wind Flower,jaex,3,16,,5,6,left,0,"[5, 7, 0, 0, 0]","[""RggR RggggR"", ""g  g g    g"", ""g  g gRR  g"", ""g RgRgRgggR"", ""g RRRgRR   "", ""RggggbggggR"", ""   RRgRRR g"", ""RgggRgRgR g"", ""g  RRg g  g"", ""g    g g  g"", ""RggggR RggR""]"
catalog-2883,2883,Loose Ends VII,kraker,3,16,straight on on (4x + 1),11,0,right,4,"[2, 5, 0, 0, 0]","[""gbbbgggbbbbbbbbg"", ""g              b"", ""g         G    b"", ""g         b    b"", ""g         b    g"", ""g     Gbbgg    g"", ""b        bgbbG g"", ""b        b     b"", ""b        b     b"", ""gbbbbgbbbg     b"", ""               b"", ""bbbbbgbbbbggbbbg""]"
catalog-3147,3147,Going around and around,jouni,3,16,,10,0,right,0,"[5, 5, 5, 5, 0]","[""      BGGGGB    "", ""      B    B    "", ""      B    BGGGB"", ""      B    B   B"", ""   BGGB    B   B"", ""   B  B    B   B"", "" BGB  B    B   B"", "" B B  B    B   B"", ""BB B  B    B   B"", ""BB B  B    B   B"", ""rRGRGGRGGGGRGGGR""]"
catalog-3559,3559,Glasses,denisb,3,16,,0,0,right,0,"[6, 4, 3, 3, 3]","[""brbbrrrbrbbbrrbG"", ""               G"", "" RGGGRB RGGGGB G"", "" B    G G    G G"", "" G RGGGRGGGB G G"", "" G G  G G  G G G"", "" G BGGB B  B G G"", "" G    r RBGR G G"", "" G B         R G"", "" G RBGGGGGGGGB G"", "" G             R"", ""bRGGGGGGGGGGGGGB""]"
catalog-3687,3687,Maximum,denisb,3,16,get the farthest one ,0,7,down,1,"[3, 7, 7, 7, 7]","[""    gbbbbbbbg   "", ""   gbbbbbbbbBbg "", "" gbBbbbbbbbbg   "", ""    gbbbbbbbBg  "", ""  gbBbbbbbbbbbg "", ""          gbbbBg"", ""      gbbbBbg   "", "" gbbbbBbbg      "", ""gBbg            "", "" gbBbbbbbg      "", ""   gbbbbbBbbbbbg"", ""BBBBBBBB        ""]"
catalog-3873,3873,Alt.,denisb,3,16,,1,8,up,7,"[7, 7, 0, 0, 0]","[""GBGBGBGBRRBRBRBR"", ""B B B B rR B B B"", ""B B B GBG  B B B"", ""B B B   RBBR B B"", ""B B GBBBG    B B"", ""B B     RBBBBR B"", ""B GBBBBBG      B"", ""B       RBBBBBBR"", ""GBBBBBBBG       "", ""        rbbbbbbb"", ""bbbbbbbbg       "", ""        rbbbbbbb""]"
catalog-8895,8895,Selection: Weird Hook Thing,engr100,2,16,,6,2,right,0,"[4, 5, 5, 5, 0]","[""         bB"", ""        bb "", ""       bb  "", ""      bb   "", ""rrrrrrb    "", ""g          "", ""g bbbbg    "", ""g     g    "", ""g     g    "", ""g     g    "", ""grrrrrr    ""]"
catalog-10343,10343,The Roundabout II,19s4105,2,16,,3,3,right,0,"[5, 0, 0, 0, 0]","["" GGgGG "", ""GRBBBRG"", ""GBRBRBG"", ""gBBbRBg"", ""GBRBBRG"", ""GRBBBBG"", "" GGgGG ""]"
catalog-10581,10581,Pyramid,drmazhar,3,16,"Dr Mazhar's advice "" Walk awkwardly, Count & decrease 1 at Green""",0,11,left,0,"[2, 9, 0, 0, 0]","[""           b"", ""          BB"", ""         BBB"", ""        BBBB"", ""       BBBBB"", ""      BBBBBB"", ""     BBBBBBB"", ""    BBBBBBBB"", ""   BBBBBBBBB"", ""  BBBBBBBBBB"", "" BBBBBBBBBBB"", ""GGGGGGGGGGGG""]"
catalog-11250,11250,Painting delay,scorpio,3,16,"Helpful for #11240, #11243 and #9180",3,0,right,2,"[3, 4, 0, 0, 0]","[""bbbggb    bbbggb"", ""bB   b    g    b"", ""     b    g    g"", ""ggggggggbbbbbbbb"", ""     b    g     "", ""     b    g     "", ""     g    b     "", ""     g    b     "", ""bbbbbbbbggbggggb"", ""g    g    b    b"", ""b    g    b    g"", ""bggbbb    bggbbb""]"
catalog-15092,15092,vid test Level 7,pschbb12,1,16,ICbDJpHTEnQ t=863,3,0,right,4,"[4, 0, 0, 0, 0]","[""GbbG "", ""b  b "", ""b  b "", ""gbbGB""]"
catalog-539,539,Hypnotize,ammonzing,2,2574,dizzy yet?,10,15,up,0,"[4, 3, 3, 0, 0]","[""rbbbbbbbbbbbbbbr"", ""b              b"", ""b rbbbbbbbbbbr b"", ""b b          b b"", ""b b rbbbbbbr b b"", ""b b b      b b b"", ""b b b    G b b b"", ""b b rbbbbr b b b"", ""b b        b b b"", ""b rbbbbbbbbr b b"", ""b            b b"", ""rbbbbbbbbbbbbr G""]"
catalog-666,666,Halloween(2),kraker,2,63,,0,5,up,0,"[6, 0, 0, 0, 0]","[""rgggggg"", ""g ggg g"", ""grggrgg"", ""ggggggg"", ""rgggrgg"", ""rbggggg"", ""gg    g"", ""rgggggG""]"
catalog-828,828,Dizzy,mheiberg,3,63,Spinning can be healthy.,6,0,right,0,"[3, 5, 0, 0, 0]","[""      rbbbrr "", ""   rbgr    b "", ""   b       b "", ""   b       b "", ""   b  B    b "", ""   b  rr   b "", ""bbbr   b   g "", ""       g   rr"", ""       rgbbbr""]"
catalog-135,135,Getting loopy,aaronla,2,359,,7,3,right,0,"[5, 5, 5, 0, 0]","[""   RbbbbbbR"", ""   b      b"", ""   b      b"", ""   RbbgbR b"", ""        b b"", ""RbbgbbbbbbR"", ""b       b  "", ""b  bbbbbr  "", ""b       b  "", ""RbgbbgbbR  ""]"
catalog-163,163,Burst of activity ,evko,3,31,,3,3,right,0,"[10, 5, 5, 5, 5]","[""    BBB    "", ""   B B B   "", ""   BBBBB   "", "" BBb B BBB "", ""B B BBB B B"", ""BBBBB BBBBB"", ""B B BBB B B"", "" BBB B BBB "", ""   BBBBB   "", ""   B B B   "", ""    BBB    ""]"
catalog-478,478,Mirror image,willbir,3,31,,8,3,right,0,"[6, 6, 6, 6, 0]","[""rggggggggggg"", ""b          g"", ""b          g"", ""b       G  g"", ""b       g  g"", ""b       g  g"", ""b       g  g"", ""b       gggg"", ""b  bbbbr    "", ""b      b    "", ""b      b    "", ""rbbbbbbr    ""]"
catalog-1422,1422,Alternating Tree,snydej,3,31,,0,7,down,0,"[10, 10, 0, 0, 0]","[""    R  g RbbR  R"", ""    g  g  g    g"", ""Rbbbg  g  gbbbbg"", ""  g g  g  g  g g"", ""  g R  g  R  g g"", ""R g    g     g g"", ""g gbbbbbbbbbbg R"", ""g g          g  "", ""g g   R   R  g  "", ""gbbbbbg   g  g  "", ""g     g   gbbbbR"", ""R RbbbbbR R     ""]"
catalog-1442,1442,Saluting dancer,kraker,2,31,A good beginning is half the work,0,0,down,0,"[5, 4, 4, 2, 0]","[""b            "", ""B  B     BBBB"", ""B  B  B  B  B"", ""BBBB  B  B  B"", ""   BBBB BBBBR"", ""      BBBB  B"", ""        BBBBB"", ""       BBBB  "", ""       B     "", ""       B     "", ""      BBBB   "", ""      G      ""]"
catalog-1643,1643,A Knight's Codex,axorion,3,31,Each color encodes three moves and some turns.,4,3,right,0,"[5, 5, 5, 5, 0]","[""          bbbb  "", ""  bbgb    r  brb"", ""  b  b   bb B  b"", "" bb  g   b  b  r"", "" b rbb   b  brbb"", ""bb  bbrb brb    "", ""g   g  b   bbb  "", ""b   b  g     bbb"", ""bbb bgbb       b"", ""  bbb    bbbb  g"", ""    bbb  r  bgbb"", ""      bgbb      ""]"
catalog-1956,1956,Still a simple cross,sffallen,3,31,,3,4,right,7,"[2, 6, 0, 0, 0]","[""    b      "", ""    B      "", ""    b      "", ""BrbbbbrrrbB"", ""    b      "", ""    r      "", ""    r      "", ""    r      "", ""    r      "", ""    b      "", ""    r      "", ""    B      ""]"
catalog-2241,2241,Waves,jaex,2,31,,0,0,down,0,"[5, 5, 0, 0, 0]","[""bBBBBBBBBBBBBBBB"", ""BBBBBBBBBBBBBBBB"", ""rBBBrBBBrBBBrBBB"", ""rrBrrrBrrrBrrrBB"", ""BrBrBrBrBrBrBrBB"", ""BrrrBrrrBrrrBrrg"", ""BBrBBBrBBBrBBBrg"", ""BBBBBBBBBBBBBBBB"", ""BBBBBBBBBBBBBBBB"", ""BBBBBBBBBBBBBBBB"", ""BBBBBBBBBBBBBBBB""]"
catalog-1381,1381,Socrates,philosopher,2,61,,9,0,up,0,"[3, 8, 0, 0, 0]","[""        bg "", ""       bbr "", ""      bb r "", ""     bb  r "", ""    bb   r "", ""   bb    r "", ""  bb     r "", "" bb      r "", ""bb       r "", ""b        rB""]"
catalog-12772,12772,level 1,Casualuser,1,91,,9,0,right,0,"[5, 0, 0, 0, 0]","[""         bB"", ""        bb "", ""       bb  "", ""      bb   "", ""     bb    "", ""    bb     "", ""   bb      "", ""  bb       "", "" bb        "", ""bb         ""]"
catalog-316,316,Simply Connected Shape II,snydej,4,15,Hopefully free of bugs this time!,1,10,left,0,"[6, 4, 0, 0, 0]","[""   rrrrrrrrrrrr "", ""  rBBBBBBBbBBBBr"", ""  rBBBBBBBBBBBBr"", ""   rrrrBBBBBBBBr"", ""      rBBBBBBBBr"", "" rrrrrrBBBBBBBBr"", ""rBBBBBBBBBBBBBBr"", ""rBBBrrrBBBBBBBBr"", ""rBBBr  rBBBBBBBr"", ""rBBBr  rBBBBBBr "", "" rrr   rBBBBBr  "", ""        rrrrr   ""]"
catalog-423,423,Incremental Buildup,snydej,4,15,,5,0,right,1,"[10, 10, 10, 5, 0]","[""           RRRRR"", ""       RRRRR   R"", ""    RRRR  RR R R"", ""  RRR RRR RRRR R"", "" R R  R   R    R"", ""gGBGBBGBBBGBBBBG""]"
catalog-614,614,Symmetry - Parity Snake,markbyers,4,15,,0,1,right,0,"[5, 5, 5, 5, 5]","["" gBBG      RRRR "", ""    B      R    "", ""    GBBGRRRR    "", ""GBBBG  BR  RRRRR"", ""B   B  BR  R   R"", ""B GGGBBGRRRRRR R"", ""B BB        RR R"", ""GBBGBBBBRRRRRRRR"", ""  BB        RR  "", ""  BB        RR  "", ""  GG        RR  ""]"
catalog-641,641,Interpolation,snydej,4,15,,9,0,right,0,"[10, 10, 10, 0, 0]","[""      G       G"", ""     BB       B"", ""  GBGBB   G  BB"", ""  BBBBB   BB BB"", "" BBBBBBB  BBGBB"", "" BBBBBBB BBBBBB"", ""GBBBBBBB BBBBBB"", ""BBBBBBBB BBBBBB"", ""BBBBBBBBGBBBBBB"", ""rRRRRRRRRRRRRRR""]"
catalog-712,712,Skewed Maze,snydej,3,45,,6,6,down,0,"[10, 0, 0, 0, 0]","["" R    R    R   "", "" GGR  GGRR GGR "", ""RGG  RGG GGGG  "", ""  GGRR GGGG R  "", "" RGG GGGG GGR  "", "" R GGGG RRGG   "", "" GGGG gGR  GGR "", ""RGG RRGG  RGG  "", ""  GGRR GGRR GGR"", "" RGG GGGG GGGG "", ""   RRGG RRGG R "", ""      R    R   ""]"
catalog-715,715,Cross the Bridges,snydej,4,15,,0,0,right,4,"[10, 10, 10, 0, 0]","[""rBGBGGBBBBBGBBGR"", ""  B BB     B  B "", ""RBBBBGR  RBBGGBR"", ""     B      BB  "", "" RGBGBBBGBBBBGR "", ""  B B   B    B  "", ""RBBGBR RBGR RGR "", ""   B     B   B  "", ""  RBGR RBGBGBBR "", ""    B    B B    "", ""   RBBBBBBBBBR  ""]"
catalog-732,732,Equal?,markbyers,4,15,,0,0,right,0,"[10, 5, 5, 5, 0]","[""grrrrbbbbGG     "", ""GrbbbbbbbbbbG   "", ""GrrrrrrrbbbG    "", ""GrrrrrrbbbbbbGG "", ""GrrrrbG         "", ""GrrrrrrbbbbbG   "", ""GrrrrrrrrrrrrrbG"", ""GrbGG           "", ""GrrrbbbGG       "", ""GrrbbGG         "", ""GrrrrrrbbbbbbbG "", ""GrrrrrbbbbbGG   ""]"
catalog-766,766,Rainbow Spiral 2,markbyers,3,15,,0,0,right,0,"[10, 0, 0, 0, 0]","[""rrrrggbbrrgggggr"", ""               r"", ""rrrgbbbbbrgbbg r"", ""g            g g"", ""r bbrggbrggr g g"", ""r r        g b g"", ""r r B      b b b"", ""r r brrbbggg b b"", ""b r          r b"", ""g rgrbbbbbggrb r"", ""g              r"", ""gbbbbbggrrrrbbbb""]"
catalog-817,817,Slinky,beaza,3,15,I thought springs stored energy... oh wait... they do.,11,0,right,0,"[10, 10, 0, 0, 0]","[""GBBBBBBBBBBBBBBR"", ""G              B"", ""G     GGGGGGG  B"", ""G     G     G  B"", ""G     G     G  B"", ""G     RBBR  G  B"", ""G     G  B  G  B"", ""G     G  B  G  B"", ""GGGGGGGBBR  G  B"", ""            G  B"", ""               B"", ""bBBBBBBBBBBBBBBR""]"
catalog-862,862,Spiralnaut,cybermg,4,15,,10,0,right,1,"[4, 10, 3, 0, 0]","[""  bbbbRbbbbbb"", ""  b         b"", ""  b         R"", "" bbbbRbbbbb b"", "" bb       R b"", "" bb Rbb   b b"", "" bR   R   b b"", "" bb   b   b b"", "" RbbbbbRbbb b"", "" bbbRbb     b"", ""bbbbbbRbbbbbb""]"
catalog-926,926,Early Warning 2,beaza,3,30,"left if you've seen red or no blue, otherwise right",0,7,down,0,"[5, 5, 5, 0, 0]","[""GbbbrG b GbbbbrG"", ""r    r b r     b"", ""GbbG GbG GbbbG r"", ""   r         b b"", ""GG GbbG GrG GG b"", ""br    b b r b  b"", ""bGbbbbG b b b  b"", ""r       b GbGGrG"", ""b GbbbG b    b  "", ""b b   r b    GbG"", ""b GbG GbbbbG   r"", ""GbbrG   G  GbrbG""]"
catalog-963,963,Rose,rafaelromao,2,90,,6,4,up,1,"[3, 3, 2, 0, 0]","[""RbRbRbRbR"", ""b b b b b"", ""RbbbRbbbR"", ""b b b b b"", ""RbRbbbRbR"", ""    b    "", ""GbbbbbbbG"", ""b   b   b"", ""GbbbGbbbG"", ""    b    "", ""    B    ""]"
catalog-1019,1019,Straight Line 2,beaza,3,15,"compare to ""Straight Line 1"" - see how function size matters",1,0,right,0,"[4, 4, 2, 0, 0]","[""BBBBBBBBBBBBBBBB"", ""bBBBBBBBBBBBBBBB"", ""BBBBBBBBBBBBBBBB""]"
catalog-1037,1037,Stairs and Ladders,sticky,4,15,"Down the stairs, up the ladders",5,0,right,0,"[8, 10, 10, 0, 0]","[""              bB"", ""             RR "", ""              b "", ""       bbbR  RR "", ""      RR b    b "", ""bbR    b bbR RR "", "" b    RR  b   b "", "" bbR   b  bbGGG "", ""  b   RR        "", ""  bbR  b        "", ""   b  RR        "", ""   bbGGG        ""]"
catalog-1056,1056,Path of Darkness - Flip Flop,markbyers,4,15,,1,0,right,0,"[10, 10, 5, 5, 5]","[""BBGBGRBGBBBGBG  "", ""bbbbbbbbbbbbbbg "", ""              bR"", ""              bG"", "" rrr  rrrrr G bB"", "" r r  r   r r bG"", "" r r  rrr r r bB"", "" r r    r rrr bB"", "" r rrrrrr     bB"", "" r            bB"", "" gbbbbbbbbbbbbg "", ""  BBBBBGBGBRBG  ""]"
catalog-1151,1151,symmetry + paint 3,timotheeee,3,15,,7,4,right,6,"[4, 8, 0, 0, 0]","[""   RRRRR"", ""   R   R"", ""   R R R"", ""   RRR R"", ""RRRRRRRR"", ""RRGBBBBR"", "" RB   R "", "" RB bGR "", "" RB  BR "", ""RRGBBGR ""]"
catalog-1286,1286,Order,sticky,3,15,Two stacks in reverse order,11,0,right,0,"[10, 8, 6, 4, 2]","[""BRBBBBBBBBGRBBBB"", ""B              B"", ""B   BRBBGRB    B"", ""B   B     B    B"", ""B BBBRBBGBBRBB B"", ""B B B     B  B B"", ""B B       B  B B"", ""B BRGBBBBRB  B B"", ""B            B B"", ""BBRBBGBBBBRBBB B"", ""               B"", ""rBGBBBBBBBBBBRBB""]"
catalog-1527,1527,Solitary Actuary,axorion,3,15,Account for 3R2R2L+R/4 arrows.,5,5,right,0,"[3, 3, 10, 0, 0]","[""    BBB    "", ""  BBB B    "", ""  B BBGBBB "", ""  BBBBBB B "", ""BBGB B BBBB"", ""B BBBbBBB B"", ""BBBB B BBBB"", "" B BBBBBB  "", "" BBBGBB B  "", ""    B BBB  "", ""    BBB    ""]"
catalog-1857,1857,Double duty,bert,3,15,"Build up, release, build up, release",5,5,right,0,"[7, 3, 0, 0, 0]","["" gbbbbbbbbbbg gg"", "" b          b bb"", ""gbbbbbbbbbr b bb"", ""bb rbbbbbrb b bb"", ""bb brbbbrbb b bb"", ""bb bbbbbrbb b bb"", ""bb brbbbbrb b bb"", ""bb rbbbbbbr b bb"", ""bb          b bb"", ""bgbbbbbbbbbbbbbg"", ""gr Bbbbbbbbbbbr "", "" rbbbbbbbbbbr   ""]"
catalog-1933,1933,Not easy,nima_,3,15,,11,0,right,0,"[4, 5, 5, 0, 0]","[""rbbbbbbbbbbbbbbr"", ""bbBbB      BbBbb"", ""bBBbb      bbBBb"", ""bbbbB      Bbbbb"", ""bBbBB      BBbBb"", ""               b"", ""               b"", ""bBbBB      BBbBb"", ""bbbbB      Bbbbb"", ""bBBbb      bbBBb"", ""bbBbB      BbBbb"", ""rbbbbbbbbbbbbbbr""]"
catalog-1983,1983,Turnif - hard edition,ebusiness,3,30,Solve Turnif first,10,0,right,0,"[10, 0, 0, 0, 0]","[""  r   g        "", ""  RBBBRBBBRr   "", ""  B       B    "", ""  B       Rg   "", ""  B r g  gB    "", ""  B RBRBBRBBBRr"", "" gR B     B  B "", ""  B B     B  B "", ""  BrRBBBBBR  Rg"", ""  B       r  B "", ""bBBBRBBBBBBRBR "", ""  B g      g r ""]"
catalog-2542,2542,Puzzle time,anton_s,3,15,,3,3,down,0,"[5, 9, 0, 0, 0]","[""   ggg      "", "" ggb bgrgrgg"", "" g         g"", ""gb r   ggg r"", ""g  g   g g g"", ""gb r  gb r r"", "" g g  g  g g"", "" r r  gb R r"", "" g g   g   g"", "" ggg   ggrgg""]"
catalog-2569,2569,Seven Eleven,axorion,3,15,This stacker might look harder than it is.,0,0,right,0,"[3, 5, 3, 0, 0]","[""b      bb  bb  "", ""bb    bbbbbbbrb"", "" bb  bb  bb  bb"", ""  bb r  bbbrbb "", ""   bbb Bb  bbb "", ""   bbrb   bb bb"", ""  bb  bb  r  bb"", ""  bb   bbbb bb "", ""   brb  bb  r  "", ""     bbbbbbbb  "", ""      bb  bb   ""]"
catalog-2625,2625,More cross,anton_s,3,15,,5,5,right,0,"[6, 0, 0, 0, 0]","[""    RR    "", ""    RR    "", ""    GG    "", ""    GG    "", ""RRGGBBGGRR"", ""RRGGBbGGRR"", ""    GG    "", ""    GG    "", ""    RR    "", ""    RR    ""]"
catalog-2656,2656,Popcorn,axorion,3,15,Can you predict the first pop?,4,3,left,0,"[5, 5, 5, 5, 5]","[""rbr rbr rbr rbr"", ""b b b b b b b b"", ""b gbg b b gbg b"", ""b     b b     b"", ""rbbb  gbg  gbbr"", ""           b   "", ""bbbB  bbb  bbbb"", ""b     b b     b"", ""b bbb b b bbb b"", ""b b b b b b b b"", ""bbb bbb bbb bbb""]"
catalog-3219,3219,easy as water,juanpablo,2,60,,3,6,right,0,"[4, 3, 0, 0, 0]","[""GrbG     GbbG"", ""b  r     b  b"", ""b  b     b  b"", ""BbbGbbbbrgbbb"", ""b  b     r  b"", ""r  b     b  b"", ""GbrG     GbbG""]"
catalog-3299,3299,Juggernaut,benjaminrr,3,15,,5,8,up,1,"[4, 3, 4, 0, 0]","[""    GGG GGG    "", ""    G G G G    "", ""    GGG GGG    "", ""     G   G     "", ""GGG GGG GGG GGG"", ""G GGG GGg GGG G"", ""GGG GGG GGG GGG"", ""     G   G     "", ""    GGG GGG    "", ""    G G G G    "", ""    GGG GGG    ""]"
catalog-3681,3681,No limit,denisb,3,15,"Don't worry about the limit, you will reach it ...",5,8,right,4,"[4, 4, 4, 5, 6]","[""GbGGbGbbGbGbGr G"", ""             b G"", ""rbGbGbbGbGGr G b"", ""b          G G G"", ""G rbGGGr   b b b"", ""b G    bbbGr G G"", ""G b rbGbb    b b"", ""b G G   rbGbGr G"", ""b b G          b"", ""G b rbGGGbbbGbbr"", ""G G             "", ""G rbGbGbGGbbGbbG""]"
catalog-3727,3727,Isosceles rectangled triangles,denisb,3,15,(can help for previous squares),11,0,right,0,"[5, 5, 8, 8, 0]","[""RBGGGGGGBBBBBBBR"", ""B G   GG       B"", ""B G  GG   GG   B"", ""B G GG   GGG   B"", ""B GGG   GG G   B"", ""B GG   GG  G   B"", ""B     GG   G   B"", ""G    GG    G GGG"", ""GG  GG     G GGG"", ""B  GG      G  GG"", ""  GG       G   B"", ""bBGGGGGGGGGGBBBR""]"
catalog-3900,3900,easy one,cagdassalur,2,30,,0,1,left,0,"[10, 0, 0, 0, 0]","[""bbbbbbbbbbbr"", ""          Rr"", ""         Rr "", ""        Rr  "", ""       Rr   "", ""   GgRRr    "", ""   G Rr     "", ""   GgR      ""]"
catalog-4853,4853,"Don't worry, be happy",akavari,2,15,Life's to short to always be looking back:),11,1,up,0,"[5, 9, 6, 0, 0]","[""  BBBBBBBBBB "", "" rgggggggggg "", ""Gb       rrbG"", ""Gb  GB   rrbG"", ""Gb  Gb     bG"", ""Gb  Gb r   bG"", ""Gb  Gb rrrrbG"", ""Gb  Gb     bG"", ""Gb   ggggggr "", ""Gb   BBBBBB  "", ""Gb           "", ""Gb           ""]"
catalog-4908,4908,what?,jokey,2,15,what am i missing axorion?,10,0,down,0,"[10, 7, 7, 7, 3]","[""  r             "", ""  b             "", ""  b         r   "", ""  b         b   "", ""  b     r   b   "", ""rbbbB   b   b   "", ""  b     b  rbB  "", "" rbbbbbbbbbbbbbB"", ""  b     b   b   "", ""  b     b   b   "", ""brbbbrbbbbrbbbbB""]"
catalog-4936,4936,Sweep before cross,marchan,3,15,,0,15,down,0,"[8, 8, 8, 8, 5]","["" R RR R RRRR RRr"", "" B BB B BBBB BBB"", "" B BB B BBBB BBB"", "" B BB BRBBGB BBB"", "" B BB B BBBB BBB"", ""RGRBG B BBBB BBB"", "" B BB B BBBB BBB"", "" B BB B BBBBRBGB"", "" B BB B BBBB BBB"", "" B BB B BBBB BBB"", "" B BBRG BBBB BBB"", "" R RR R RRRR RRR""]"
catalog-9656,9656,Skyscrapers,markthebrit,2,15,,5,0,right,0,"[4, 4, 0, 0, 0]","[""  grg   "", ""  b b   "", ""  r r   "", ""  b B   "", ""  b     "", ""brGrG   "", ""  b b gG"", ""  b b bB"", ""  b b rB"", ""  bbgrgB"", ""  GbbbbG""]"
catalog-10497,10497,Dual purpose,drmazhar,2,15,"Dr Mazhar's advice""One stack can be used for dual purpose.""",11,15,up,0,"[8, 5, 0, 0, 0]","[""          R     "", ""B         B  B  "", ""B   R     B  B  "", ""B BBBR    B BB  "", ""B BBBB    BRBB  "", ""BRBBBB   BBBBB R"", ""GBBBBB   BBBBG B"", ""BBGGBBBR BBBGBBB"", ""BBBBBBBB GBBBBBB"", ""BBBBBBGB BBBBBGB"", ""BBBBBBBBRBBBBBBB"", ""GGGGGGGGGGGGGGGg""]"
catalog-11066,11066,3. fucntion call,imxm7,2,15,LIB,1,1,right,0,"[3, 4, 7, 0, 0]","[""BbbbbB"", ""brbbrb"", ""BbbbbB""]"
catalog-12652,12652,Simple puzzle,kserikba,2,15,Left on red,10,1,right,0,"[10, 0, 0, 0, 0]","[""RBBBBBBBBBBBBBR"", ""B             B"", ""B             B"", ""B             B"", ""B             B"", ""B             B"", ""B             B"", ""B             B"", ""B             B"", ""              B"", ""BbBBBBBBBBBBBBR""]"
catalog-142,142,Single Recursion 1,sam0737,2,608,Recursion is like a spring - it stores energy,0,7,left,0,"[6, 0, 0, 0, 0]","[""RBBBBBBgRBGRBGR""]"
catalog-12726,12726,Letter T,hanness,2,44,,8,4,down,4,"[10, 4, 3, 0, 0]","[""gBBBRBBBg"", ""    B    "", ""    B    "", ""    B    "", ""    B    "", ""    B    "", ""    B    "", ""    B    "", ""    g    ""]"
catalog-770,770,HANG MAN,ammonzing,2,161,5 Function word! _ _ _ _ _,11,0,right,1,"[5, 0, 0, 0, 0]","[""      brrrrrrrb "", ""      r       r "", ""     rrr      r "", ""    rgrgr     r "", ""     rRr      r "", ""      r  gG   r "", ""  gbrrbrrbg   r "", ""  Gg BrB  r   r "", ""    rr rr r   r "", ""  Grrg grrG   r "", ""             GGB"", ""rrrrrrrrrrrrrBBB""]"
catalog-548,548,Cube Extreme,ammonzing,2,860,O_o,4,4,right,0,"[6, 1, 0, 0, 0]","[""BBBBBBBBB"", ""B B B B B"", ""BBRBBBRBB"", ""B B B B B"", ""BBBBgBBBB"", ""B B B B B"", ""BBRBBBRBB"", ""B B B B B"", ""BBBBBBBBB""]"
catalog-59,59,Recursion,mandark,2,582,... the other recursion !,0,0,right,0,"[5, 0, 0, 0, 0]","[""bbbbbbbbRBB"", ""        B B"", ""        BBB""]"
catalog-432,432,Stoplight,zephyrmation,2,2808,Green means go,2,4,right,0,"[5, 0, 0, 0, 0]","[""BbgBgbB"", ""b     b"", ""BbB bbB""]"
catalog-679,679,learning the call stack,timotheeee,3,29,,11,0,up,0,"[3, 4, 0, 0, 0]","[""rbbbbbbbbbbbb"", ""b           B"", ""b            "", ""b            "", ""b            "", ""b            "", ""b            "", ""b            "", ""b            "", ""b            "", ""b            "", ""b            ""]"
catalog-944,944,Simple Cross 2,rafaelromao,2,116,,3,2,up,0,"[4, 2, 0, 0, 0]","[""  G  "", ""  g  "", ""GgbgG"", ""  g  "", ""  G  ""]"
catalog-973,973,Wiggle 2,beaza,3,29,"one small piece of the ""Wiggle"" puzzle",0,0,right,0,"[5, 0, 0, 0, 0]","[""bbbbbbbbg       "", ""        g       "", ""        g       "", ""        g       "", ""        g       "", ""        g       "", ""        g       "", ""        g       "", ""        g       "", ""        g       "", ""        g       "", ""        bbbbbbbB""]"
catalog-1144,1144,Prealgebra,sticky,3,29,Distance to first green plus twice distance to second green,5,0,right,0,"[5, 5, 5, 0, 0]","[""        GRRBGGBG"", ""        B      R"", "" RGGBRR B GGBRGB"", "" R    B B     RG"", "" R    G G     RG"", ""bBBGBBGBGGGGRRBG"", "" B    G B     G "", "" G    B R     G "", "" G    R R     B "", "" B    GGBGBGGRG "", "" B      B       "", "" RRBGGGBR       ""]"
catalog-1315,1315,Eiffel Tower?,sli_92,3,29,Might be harder than it seems~,4,4,up,0,"[7, 10, 5, 0, 0]","[""    R    "", ""    b    "", ""    b    "", ""    b    "", ""    g    "", ""   bbb   "", ""  bb bb  "", "" bb   bb "", ""Rb     bR""]"
catalog-1451,1451,Simple Galaxy,termos,2,29,,6,4,right,0,"[5, 5, 0, 0, 0]","[""      r  "", ""   RB    "", ""r BGGRB  "", ""  R   GR "", "" BG r GB "", "" RG   R  "", ""  BRgGB r"", ""    BR   "", ""  r      ""]"
catalog-1999,1999,3X,axorion,3,29,Just for fun.,0,0,right,0,"[3, 5, 3, 0, 0]","[""bBBBBRBBBBBBBBBG"", ""          B   B "", ""  GBBBBBRBBBBBB "", ""  R       B   B "", ""  B       R   B "", ""  B       B   B "", ""GBBBBBBRBBB   B "", ""  B       B   B "", ""  B       B   R "", ""  B       B   B "", ""  BBBRBBBBBBBBB "", ""          G     ""]"
catalog-2220,2220,Pattern,jaex,2,29,,4,4,right,0,"[4, 3, 3, 0, 0]","[""bbbgbbb g g"", ""b     b  g "", ""b bbB g g g"", ""b b   b  g "", ""g g bgb g g"", ""b b        "", ""b bgrgrgrgb"", ""b         g"", ""bbbbbgbbbbb""]"
catalog-2666,2666,Green is nerved,anton_s,2,29,,11,12,right,4,"[5, 5, 0, 0, 0]","[""RBBBBBBBBBBBBBBR"", ""B              B"", ""B RBBBBBBBBBBR B"", ""B B          B B"", ""B B GGBBBBBR B B"", ""B B GG     B B B"", ""B B        B B B"", ""B RBBBBBBBBR B B"", ""B            B B"", ""RBBBBBBBBBBBBR B"", ""               B"", ""BBBBBBBBBBBBbBBR""]"
catalog-4457,4457,Sneaky spiral,zero,2,29,,11,2,right,6,"[4, 6, 3, 0, 0]","[""BRbbbbbbbbbB"", ""b          R"", ""b BbbbbbGB b"", ""b G      G b"", ""BGbbbbbbbB b"", ""b b        b"", ""b BGbbbbbB b"", ""b        R b"", ""R        b b"", ""BbbbbbbbRB b"", ""           b"", ""BbbbbbbbbbRB""]"
catalog-131,131,driving in the uk,w4keme,2,1940,,10,1,up,0,"[4, 3, 3, 0, 0]","["" gbbbbbbbbbbbbbg"", "" b             b"", "" b  gbbbbbbbbg b"", "" b  b        b b"", "" b  b gbbbbg b b"", "" b  b b    b b b"", "" b  b b R  b b b"", "" b  b b gbbg b b"", "" b  b b      b b"", "" b  b gbbbbbbg b"", ""Rbg b          b"", "" gg gbbbbbbbbbbg""]"
catalog-456,456,island hopping,wallacoloo,3,43,Green points the way.,1,0,up,0,"[10, 10, 5, 0, 0]","[""bbb          bbb"", ""b GRRRRRRRRRRB b"", ""bbBr         bGb"", ""  rRr   bbb   R "", ""   rGbb b b   R "", ""    b b bGBr  R "", ""   rBbb  RrRr R "", ""  rRr    R rRrR "", ""bbGr    bBb rGBb"", ""b BRRRRRG b  b b"", ""bbb     bbb  bbb""]"
catalog-485,485,Two Greyhounds,honey,3,43,"""Think about it!""",5,7,right,0,"[5, 5, 0, 0, 0]","[""r r r r r r r r"", ""               "", ""r b         b r"", ""  rGr grg rGr  "", ""r b Bg   gB b r"", ""  gbrBbgbBrbG  "", ""r b Bg   gB b r"", ""  rGr grg rGr  "", ""r b         b r"", ""               "", ""r r r r r r r r""]"
catalog-881,881,Easy Double Spiral,azure,3,43,Simple stack based double spiral puzzle.,3,4,up,0,"[7, 0, 0, 0, 0]","[""RBBBBBR  RRRRRRR"", ""B     B  R     R"", ""B RBR B  R RRR R"", ""B B b B  R R R R"", ""B B   B  R   R R"", ""B RBBBR  RRRRR R"", ""B              R"", ""RBBBBBBGGRRRRRRR""]"
catalog-25,25,A window,,2,644, ,2,2,up,0,"[4, 4, 4, 0, 0]","[""BBBBBB"", ""B BB B"", ""BBbBBB"", ""BBBBBB"", ""B BB B"", ""BBBBBB""]"
catalog-35,35,Kind of math...,igoro,3,114,Does not quite fit.,8,0,right,0,"[10, 10, 2, 0, 0]","[""        BBB     "", ""        B B     "", ""      BBB BBB   "", ""      B     B   "", ""    BBB     BBB "", ""    B         B "", ""  BBBBB     BBBB"", ""  B B B     B B "", ""bBB BBB     BBB ""]"
catalog-330,330,Learning Stack,abhishikt,2,625,,11,0,up,0,"[3, 4, 0, 0, 0]","[""rbbbbbbbbbbb"", ""b          B"", ""b           "", ""b           "", ""b           "", ""b           "", ""b           "", ""b           "", ""b           "", ""b           "", ""b           "", ""b           ""]"
catalog-164,164,Hidden rule,evko,4,28,,11,0,right,0,"[5, 3, 0, 0, 0]","[""              g "", ""  gbbbbrrrrbbbb "", ""   b          r "", ""   b       g  r "", ""  gbbbbbbbbr  r "", ""   b       r  b "", ""   b       b  b "", ""   BB      b  b "", ""   BBrrrrrrrg r "", ""   g          r "", ""              r "", ""rrrrbrrrrbrrrrbg""]"
catalog-198,198,Binary Counting,snydej,4,14,,7,0,down,7,"[10, 10, 10, 2, 0]","[""       B       "", ""      BB       "", ""     BBB     B "", ""    BBBB     B "", ""   BBBBB   B B "", ""  BBBBBB  BB BB"", "" BBBBBBB BBB BB"", ""bBBBBBBBBBBBBBB"", ""rgrgrgrgrgrgrgr"", ""rrggrrggrrggrrg"", ""rrrrggggrrrrrgr"", ""bbbbbbbbbbbbbbb""]"
catalog-282,282,Facsimile II,snydej,5,14,Now with added stack tricks!,5,7,up,1,"[5, 10, 10, 10, 0]","[""  G G  G     G "", ""GBRRRRRB GGGGG "", "" BBRBG R     G "", "" R   G R   G G "", "" RGBRB RGGGGGG "", "" R R R g G G G "", "" BRRRBGG GGGGG "", "" R G   G G   G "", "" R     G GGGGG "", "" BRRRG GGGGGGGG"", "" G     G  G G  ""]"
catalog-363,363,Hammered,emi4a,5,56,,1,0,right,0,"[3, 3, 0, 0, 0]","[""          R"", ""bbbbbbbbbbG"", ""          R""]"
catalog-447,447,When to turn?,wallacoloo,4,14,"oh, you turn on green ;-)",0,0,down,0,"[10, 10, 2, 0, 0]","[""rRRRRRRRRRRRRRBG"", ""bbGbGbbbbbGRbR B"", ""bG b bGbbG  R  B"", ""b  R G RR      B"", ""b        G     G"", ""r        G     B"", "" GGGBG   G     B"", "" GBGBGBG G GGG B"", ""     B B G B B B"", ""     B GGG G B B"", ""     B     G B B"", ""     GGBBBGG GBG""]"
catalog-508,508,Holiday Tree,beaza,3,14,turn out the lights,0,7,down,1,"[5, 5, 4, 3, 2]","[""       b       "", ""      BbB      "", ""     BrBrB     "", ""    BbBbBbB    "", ""   BrBbBbBrB   "", ""  BbBbBbBbBbB  "", "" BrBbBrBrBbBrB "", ""GgGgGgGgGgGgGgG"", ""       g       "", ""       g       "", ""       g       ""]"
catalog-601,601,Symmetry - Don't Miss The Turn,markbyers,4,14,,0,1,down,0,"[10, 5, 5, 0, 0]","[""bgbbbbbb      R"", ""bGbbbbbb      R"", ""bGGGgggg    RRR"", ""bgbGbbbb    R  "", ""bbbGbGGGRRR R  "", ""gGGGbGbb  R RRR"", ""bGbgbGbb  R   R"", ""bGbgbGbb  R   R"", ""bGbgbGbb  R   R"", ""bGbbbGbb  R   R"", ""bGGGGGgg  RRRRR"", ""bgbbbbbb       ""]"
catalog-723,723,"Enter, don't enter",axelbrz,2,70,,1,0,right,4,"[4, 4, 4, 0, 0]","[""b             b "", ""rgggggggggggggRb"", ""bb          b g "", ""bRggggggggggRbg "", "" g b b b  b g g "", "" gbRgRbRggRbg g "", "" g g R g  g g g "", "" g g g g  g g g "", "" gbRggggggRbg g "", "" g b R g  b g g "", ""bRgggggRb  bRgRb"", "" b     b    b b ""]"
catalog-756,756,Pairs,markbyers,3,42,,5,0,right,0,"[5, 5, 5, 5, 0]","[""  BGBBGG  BBRR"", ""  B    R     G"", ""  R BGGGBBGG B"", ""  R B  G   R B"", ""  G R  R   R R"", ""bBGGRRBR   R R"", ""  R G      B G"", ""  R G      B G"", ""  G R      R B"", ""  G BBGGRRRRRB"", ""  B        G  "", ""  RRBBBBGGBG  ""]"
catalog-769,769,Batteries Plus Paint,azure,5,14,Similar to Battery2 with right on red once and recharging as needed.,11,2,right,2,"[10, 0, 0, 0, 0]","[""BBBBBGBBBBBRRRR "", ""G GGBBBBBBBBBBB "", ""BBBBBBBRBBBBBGBB"", ""  BBB BB  BRB GB"", "" BBRGRRBBBBBRBBB"", ""BRBBBBGBBBRBBBBB"", ""B BBBBBBRBBBGBBB"", ""BBBRBB BBG B G B"", ""GBB BBRBBBRB B G"", ""BGBBBRBBGBBR B B"", ""BBBR RRRRRRBGB B"", ""RRrRRRRRRRRRRBGB""]"
catalog-851,851,Batteries Plus Paint II,azure,4,14,"Easier Version, No Recharging, Turn Left If Non-Blue In Shimmy Part.",11,2,right,2,"[9, 0, 0, 0, 0]","[""BBBBBGBBBBB     "", ""G         B     "", ""BBBBBBRBB B     "", ""    B B B B     "", ""    B B B B     "", ""    B B G RBBBBB"", ""    B B B      B"", "" GBBR B B      B"", "" B    BGB      G"", "" BBGBB         B"", ""               B"", ""  rRRRRRRRRRRBGB""]"
catalog-937,937,Simple Spiral,azure,3,42,,5,7,up,0,"[4, 3, 0, 0, 0]","[""b BBBBBGBBBB B b"", ""b B    g   B B b"", ""b B BBBGBB B B b"", ""b B B  g B B B b"", ""b B B BG B B B b"", ""ggGgGgGrgGgGgGgg"", ""b B B Bg B B B b"", ""b B B BGBB B B b"", ""b B B  g   B B b"", ""b B BBBGBBBB B b"", ""b B    g     B b"", ""b BBBBBGBBBBBB b""]"
catalog-955,955,Carbon Copy: Vertical Flip,beaza,4,14,,9,3,up,0,"[2, 10, 10, 0, 0]","[""        RRRRRRR "", ""        R     R "", ""gbbbbbbbbbbR  R "", ""b       R  R  R "", ""b       R  RRRR "", ""b       R       "", ""b       R       "", ""b  gbbg R       "", ""b  b  b R       "", ""b  r  b RRRRRRRR"", ""b     b         "", ""gbbbbbg         ""]"
catalog-970,970,Counting and Doubling 2,markbyers,4,14,A hint for the original puzzle.,0,0,right,0,"[5, 5, 5, 0, 0]","[""gggggggrrrrrrr"", ""             g"", "" rbbbrrrrrr  g"", "" r        b  g"", "" r  rbrr  b  g"", "" r  r  g  r  g"", "" g  g Rr  r  r"", "" g  g     r  r"", "" g  rrrgggr  r"", "" g           r"", "" rrrrrrrrbbbbr""]"
catalog-1021,1021,New Paint Job,snydej,3,14,,5,6,up,5,"[10, 5, 5, 0, 0]","[""BRRBRRRRBRR B"", ""R         B R"", ""R RRBRRBB B R"", ""B B     B R R"", ""R B BBR R B B"", ""R R R b R R B"", ""R B B   B R B"", ""R R RBRRB R R"", ""B B       B R"", ""R BBRBRRBRR B"", ""B           B"", ""RBBBRRRBRRRBR""]"
catalog-1022,1022,Widening 2,markbyers,4,14,,5,4,down,0,"[5, 10, 5, 0, 0]","[""       RRRRRRRR"", ""gbbbbbbrrrrrrrR"", ""b      RRRRRRrR"", ""b           RrR"", ""b           RrR"", ""b   b   RrR RrR"", ""b   b   RrR RrR"", ""b   b   RrRRRrR"", ""gbbbg   RrrrrrR"", ""        RRRRRRR""]"
catalog-1091,1091,Binary path,ebusiness,3,14,This puzzle is slightly easier. I promise.,10,5,right,0,"[10, 10, 5, 0, 0]","[""RRBGBR         "", ""G    R  RRRGGBR"", ""G    R  G     R"", ""G    R  B     R"", ""R RRRRRRBGGR  R"", ""R B  G  R  G  R"", ""R B  B  R  B  R"", ""R G  G  R  B  B"", ""R RBBB  RBBB  G"", ""R             G"", ""RBBB gGGRRRRRRR""]"
catalog-1214,1214,Simple Recursive Precursion v1.1,axorion,4,14,Red is the new Green. Hint: Mark the midpoints.,0,0,right,7,"[5, 5, 5, 10, 10]","[""bbbbbbbrbbgbbbb"", ""          b   B"", ""      bbbgbbbbg"", ""      B  b     "", ""      ggbbbbb  "", ""       b    B  "", ""  bbbbbbgbbbg  "", ""  B     b      "", ""  gbbbbbbbbbgbb"", ""            b B"", ""          bbbbg"", ""          B    ""]"
catalog-1476,1476,Wheel Of Misfortune,axorion,3,14,Simpler than Critical Mass.,2,0,right,0,"[6, 3, 0, 0, 0]","[""     bbBb  "", ""     b  b  "", ""bbbgbBB b  "", ""B    GB g  "", ""b BBGBG b  "", ""bbBGB BGBbb"", ""  b GBGBB b"", ""  g BG    B"", ""  b BBbgbbb"", ""  b  b     "", ""  bBbb     ""]"
catalog-1508,1508,Coloured Stack (irritated),kraker,3,14,,0,0,right,0,"[5, 6, 0, 0, 0]","[""gbbbR           "", ""RggggbbbR       "", "" RgggggggR      "", ""  RbbbggggbbbR  "", ""      RgggggggR "", ""       RbbbggggR"", ""           Rbbbg""]"
catalog-1841,1841,Double Flip Flop II,sticky,3,14,,11,0,right,0,"[6, 6, 6, 6, 0]","[""GbG RbG RbG GbG"", ""b b b b b b b b"", ""b RbG RbG RbbbG"", ""b           b  "", ""bGRGRGRRRRR b R"", ""GRGRGRGGGGGbbbG"", ""            b  "", ""  RbR GbG RbbbR"", ""  b b b b b b b"", ""  RbbbbbG RbR b"", ""    b b       b"", ""bbbbR GbbbbbbbR""]"
catalog-1842,1842,Double Flip Flop I (Retry),sticky,3,14,,10,0,right,0,"[6, 6, 6, 6, 0]","[""RbR   RbR RbR  "", ""b b   b b b b  "", ""b GbbbbbR b b  "", ""b     b   b b  "", ""GbbbG GbbbbbbbR"", ""    b     b b b"", ""RbR GbR G b GbR"", ""b b   b b b    "", ""RbbbG b b GbbbR"", ""  b b b b     b"", ""bbR GbR GbbbbbR""]"
catalog-1904,1904,Where the turn?,lendesg,3,14,,0,0,right,0,"[4, 5, 4, 0, 0]","[""bgrbbrgbbgrbbrrG"", ""               g"", ""RbrrbgrbbbbgrR r"", ""g            b b"", ""g RbbbbbbgrR b r"", ""b g        r b g"", ""b g B      r b b"", ""b b GggbbbbG g b"", ""b b          r b"", ""b RrgbbbbbbbbR r"", ""b              g"", ""GrrbbbbrbbbrbbbR""]"
catalog-1906,1906,Stack Toy,axorion,4,14,Taking the left star isn't right unless the right star isn't left.,2,0,right,0,"[5, 10, 10, 5, 0]","[""R G R G G R R G "", ""b b bbb b b b b "", ""bbbbb bbb bbbbbr"", ""b b b b bbb b bb"", ""b G b R b G b Gb"", ""R   G   R   R  b"", ""  G   G   R   Rb"", ""R b G b G b R bb"", ""b b bbbbbbb b bb"", ""b bbb b b bbb bb"", ""bbb b b b b bbbb"", ""R R R G G G G R ""]"
catalog-1940,1940,Classic Stacker,axorion,3,14,An easier puzzle. A pattern can be found. Counting required.,0,0,down,0,"[4, 4, 4, 0, 0]","[""bBBGBBB         "", ""B     BB        "", ""BBBBBBBGBBBBBBB "", ""R       BB    B "", ""B   BBBBBGBBBBB "", ""G   B  B R B  BB"", ""B   R  G R B   G"", ""BB  G  B R G   R"", "" BBBBBBBGBBBBBBB"", "" B   B     B   B"", "" BBBBBBBGBBBBBBB""]"
catalog-2030,2030,Copycat - Improved Version,masterluk,3,14,,2,0,right,0,"[7, 2, 0, 0, 0]","[""  gRg        "", ""  g R        "", ""gggRg    gBg "", ""  r      g B "", ""  rrrrrgggBg "", ""         b  B"", ""         bbbb""]"
catalog-2051,2051,Neighbors,benjaminrr,3,14,,5,1,right,0,"[9, 2, 2, 0, 0]","[""   R        G   "", ""  RgR      GGG  "", "" RgggR    GGGGG "", ""  RgR      GGG  "", ""  RgR      GGG  "", ""gggggbbbbbggggGg"", ""                "", ""gggggggggggggggg"", ""gggggggggggggggg""]"
catalog-2056,2056,Increasing Squares,qinn,4,14,,5,7,right,6,"[5, 5, 5, 5, 0]","[""       BBBBBB "", ""   BBBBB    B "", ""   B   B    B "", ""   B   B    B "", ""   B   BB   B "", ""BBBBBBBrBBBBBB"", ""B   B  B B   B"", ""B   B  BBB   B"", ""B   BBBB     B"", ""B      B     B"", ""B      B     B"", ""B      BBBBBBB""]"
catalog-2072,2072,Resume,sticky,3,14,,10,0,right,0,"[5, 5, 0, 0, 0]","[""bbbbbGbbbbGbGbb"", ""G             b"", ""G bbGGbbGbbbb G"", ""b G         b G"", ""b G GbGbGbb G b"", ""G G       G G G"", ""b bbGGGbGGb G b"", ""b           b G"", ""bbbbGbbGGGGbb G"", ""              b"", ""bbbbGbbGGbGbGbb""]"
catalog-2107,2107,Delay tutorial,kraker,2,28,,11,0,right,0,"[3, 3, 3, 3, 0]","[""rbbbbbbbbgbrbgbr"", ""r              b"", ""r rgggbbbbbbbr b"", ""r b          r b"", ""b r        B r b"", ""b r        g r r"", ""b r        r b b"", ""b rbbbrgrbbr b r"", ""b            b b"", ""rgggbbbbbbbbbr r"", ""               b"", ""bgbgbgbbbbbbbbbr""]"
catalog-2546,2546,What you can do?,anton_s,3,14,,10,12,up,0,"[3, 4, 0, 0, 0]","[""GbbG        B"", ""GRRb        b"", ""GRRb        b"", ""GRRb        b"", ""GRRb        b"", ""GbbbbbbbbbbbG"", ""GRRb        b"", ""GRRb        b"", ""GRRb        b"", ""GRRb        b"", ""GbbG        b""]"
catalog-2863,2863,Shaded Pole,axorion,3,14,Single phase with a twist.,1,5,right,0,"[4, 4, 0, 0, 0]","[""     rr  "", ""   BBbr  "", ""rr B B   "", ""rBBBBBBB "", "" B B B B "", "" BBBBBBBr"", ""   B B rr"", ""  rBBB   "", ""  rr     ""]"
catalog-2877,2877,Thick Loose End II,kraker,3,14,,11,0,up,0,"[3, 4, 3, 0, 0]","[""gbbbgbbbgbbbgbbg"", ""b              b"", ""b              b"", ""g              b"", ""b    gbbbgbbg  g"", ""b    b      b  b"", ""b    b gBBG b  b"", ""g    g bBBR b  b"", ""b    b b    b  g"", ""b    b bbbbbr  b"", ""b    b         b"", ""bbbbbbbbbbbbbbbr""]"
catalog-2999,2999,Crawler Stacker 2,geniussavant,3,14,The same but different,0,0,down,7,"[2, 5, 3, 0, 0]","[""bG Rbbbbbbbbbbbb"", ""bG bGGGGGGGGGGGb"", ""bG b bbbbbbbbRGb"", ""bG b bGGGGGG bGb"", ""bG b bGbbbbb bGb"", ""bG b bGbGGGb b b"", ""bG b bGGGGGb b b"", ""bG b bbbbbbb b b"", ""bG b         b b"", ""bG RbbbbbbbbbR b"", ""bG             b"", ""RbbbbbbbbbbbbbbR""]"
catalog-3003,3003,Snail,benjaminrr,3,14,,11,0,up,0,"[5, 8, 2, 2, 0]","[""    b          "", ""  b  b         "", ""   b b         "", ""   b b         "", ""    b G rRrRrRr"", ""     Gr R     R"", ""    GrR r rRr r"", ""   GrRr R R R R"", ""  GrRrR r r   r"", "" GrRrRr R RrRrR"", ""GrRrRrR r      "", ""gggggggbR      ""]"
catalog-3007,3007,Spring 6,keba,4,14,,7,14,down,4,"[10, 0, 0, 0, 0]","[""     r         "", ""    rrr        "", ""   rr rr       "", ""  rr   rr    rr"", "" rr  R  rr  rrg"", ""rr  rr rr  rr g"", "" rr  rrr  rr  g"", ""  rr  r  rr   g"", ""   rr   rr    g"", ""    rr rr     g"", ""     rrr      g"", ""      r       g""]"
catalog-3116,3116,Minimal Music,kraker,3,14,... or pave your way III,11,0,right,1,"[5, 5, 5, 5, 5]","["" BBBBBBBBBBBBB g"", ""BBBBBBBrBBBBBBBg"", "" BBBBBB BBBBBB g"", ""BBBBBrBBBBBBBBBg"", "" BBBB B BBBBBB g"", ""BBBBBBBBBBBBrBBg"", "" BBBB B BBBB B g"", ""BBBBBBBBBrBBBBBg"", "" BBBB B B BB B g"", ""BBrBBBBBBBBBBBBg"", "" B BB B B BB B g"", ""brbrrbrbrbrrbrbg""]"
catalog-3267,3267,X,mohre,2,28,,4,4,right,0,"[7, 7, 0, 0, 0]","[""Bg      B"", "" gg    rr"", ""  gg  rr "", ""   ggrr  "", ""   rbr   "", ""  rrgg   "", "" rr  gg  "", ""rr    gg "", ""B      gB""]"
catalog-3439,3439,Imitation,axorion,3,14,It's the sincerest form of flattery.,11,0,right,0,"[3, 5, 8, 3, 3]","[""Bbbbbbbbg       "", ""Bbbbbbbbg       "", ""    rbbbgbbbB   "", ""     rbbgbbB    "", ""   rbbbbgbbbbB  "", ""Bbbbbbbbg       "", ""  rbbbbbgbbbbbB "", ""      rbgbB     "", ""Bbbbbbbbg       "", ""       rgB      "", "" rbbbbbbgbbbbbbB"", ""bbbbbbbbg       ""]"
catalog-3673,3673,"Right on Red, Left on Green",azure,3,14,Go forward turn on red/green. Trivial 4 commands until I forgot the green.,6,5,down,7,"[10, 0, 0, 0, 0]","[""RBBBBR RBBBBBR"", ""B    B B     B"", ""B    RBBBR   B"", ""B    B B B   B"", ""B    RBR B   B"", ""B    B B B   B"", ""B RBRbBRBRBRBR"", ""B B RR B   B  "", ""B B  B B   B  "", ""B RBBR B   B  "", ""B    B B   B  "", ""RBBBBR RBBBR  ""]"
catalog-3705,3705,Plateau,axorion,3,14,Basic stacking.,11,0,up,0,"[6, 6, 0, 0, 0]","[""R RR R R RR R R "", ""b bb b b bb b b "", ""b gBRb b bb b b "", ""b b bb b gBRb b "", ""b g BBRb b bb b "", ""b b   bb b bb b "", ""bRb   bb g BBRb "", ""gBB   BBRb   bb "", ""b       bb   bb "", ""g       BB   BBR"", ""b              b"", ""b              B""]"
catalog-3751,3751,River in the rocks,shaggy12,3,14,"Once it was one rock, now they are two, but the river is disappearing",8,8,up,1,"[10, 5, 10, 5, 5]","[""G               "", ""GG             G"", ""GGG           GG"", ""GGGG         GGG"", ""GGGGG       GGGG"", ""GGGGGG     GGGGG"", ""GGGGGGG   GGGGGG"", ""GGGGGGGG GGGGGGG"", ""GGGGGGGGbGGGGGGG""]"
catalog-3899,3899,.,nikoswolf,2,28,,0,0,right,0,"[5, 8, 0, 0, 0]","[""bbbrbbrbbrbbg"", ""   b     b  b"", ""   b     b  b"", ""   B     B  b"", ""            b"", ""Bbbbbbbbbbbbg""]"
catalog-4091,4091,Photosynthesis,talkol,3,14,Can you use only 1 red command?,11,3,up,0,"[9, 0, 0, 0, 0]","[""   b   "", "" BRRRB "", "" B B B "", ""rBRRBRb"", "" R G R "", "" BBGRB "", ""   g   "", "" g g   "", ""  gg gg"", ""   gg  "", ""   g   "", ""   g   ""]"
catalog-4250,4250,Fading Whirl,denisb,3,14,,11,0,right,6,"[3, 6, 0, 0, 0]","[""  RBBBBBBBBBBBBB"", ""  R            B"", ""RBRBBBBBBBBB   B"", ""R R        B   B"", ""R B RBB  B B   B"", ""R B BBRBBR B   B"", ""R B   R    B   B"", ""RBBBBBR    B   B"", ""  B        R   R"", ""  BBBBBBBBBR   R"", ""               R"", ""bBBBBBBBBBBBBBBR""]"
catalog-4261,4261,If-then-else,shaggy12,2,14,,0,0,down,0,"[3, 3, 3, 3, 3]","[""r gbbbbbrrrrrrgg"", ""g b            r"", ""g r rggbbbggrr b"", ""b g g        b b"", ""b r b rbbgrb g b"", ""g g b G    g g b"", ""b r b      b g b"", ""g g gbrrrrrb b b"", ""g r          r r"", ""g bgrrbbrrbbrg b"", ""b              g"", ""rbrrrggrrrggggrb""]"
catalog-4529,4529,Round trip,marchan,2,14,,4,4,up,0,"[8, 3, 0, 0, 0]","[""    B    "", ""    b    "", ""  RbRbR  "", ""  b b b  "", ""BbRbgbRbB"", ""  b b b  "", ""  RbRbR  "", ""    b    "", ""    B    ""]"
catalog-4594,4594,Apricot Picking,carykh,3,14,Apricots have larger pits than cherries!,11,0,up,7,"[5, 6, 10, 10, 10]","[""GGGGGGGGGGGGGGGG"", ""BBBBBBBBBBBBBBBB"", ""BBBBBBBBB  BB  B"", ""BBB  B  BRBBBRBB"", ""BBBRBBRBBRR  RRB"", ""BBBRRBRRBBBRBBBB"", ""B  BBBBBBBBRRBBB"", ""BRBBBBB  BBBB  B"", ""BRRB  BRBB  BRBB"", ""BBBBRBBRRBRBBRRB"", ""BBBBRRBBBBRRBBBB"", ""bBBBBBBBBBBBBBBB""]"
catalog-4606,4606,Hole in One,masterluk,3,14,"In terms of tile layout, yes. In terms of golf performance, not quite.",9,12,left,0,"[7, 0, 0, 0, 0]","[""rrrrrrrrrrrrrrr"", ""rggggggggggGGGr"", ""rggggggggggG Gr"", ""rggggggggggGGGr"", ""rgggrrrrrrrrrrr"", ""rgggr          "", ""rgggr          "", ""rgggrrrrrrrrrrr"", ""rgggggggggggggr"", ""rgggggggggggggr"", ""rgggggggggggggr"", ""rrrrrrrrrrrrrrr""]"
catalog-8363,8363,Challenge Puzzle,csfresh2019,3,14,Good luck!,6,3,right,7,"[2, 5, 5, 0, 0]","[""rRRRRRRRRRRRRR "", ""bGGGGGGGGGGGGGB"", ""b              "", ""b              "", ""rbbbbrrbrbrbrbR"", ""     bb b b b b"", ""   b bb b b b b"", ""   b bb b b b b"", ""   b bb b b b b"", ""   gbggbgbgbgbr""]"
catalog-9177,9177,Half information (Version 2),drmazhar,2,14,"Doctor Mazhar's advice""-4,count,left,-1 and repeat""",11,0,right,0,"[8, 4, 0, 0, 0]","[""RBBBBBBBBBBBBBBB"", ""BRBBBBBBBBBBBBBB"", ""BBRBBBBBBBBBBBBB"", ""BBBRBBBBBBBBBBBB"", ""BBBBRBBBBBBBBBBB"", ""BBBBBBBBBBBBBBBB"", ""BBBBBBBBBBRBBBBB"", ""BBBBBBBBBBBRBBBB"", ""BBBBBBBBBBBBRBBB"", ""BBBBBBBBBBBBBRBB"", ""BBBBBBBBBBBBBBRB"", ""bBBBBBBBBBBBBBBR""]"
catalog-9573,9573,Wide angles,scorpio,3,14,Fractal training 2 (9222 & 9223),4,6,left,1,"[5, 5, 0, 0, 0]","[""        BB    BB"", ""RbbbbR  BbbbbbbB"", ""b    b   b    b "", ""b    b   b BB b "", ""b  Rbbb BbbbB b "", ""b  b b   b b  b "", ""RbbbbbbgbbbbbbbB"", ""   b b   b b  BB"", ""   b b   b b    "", ""   b b   b b    "", ""   RbR  BbbbB   "", ""        BB BB   ""]"
catalog-10305,10305,Terraced Buildings,axorion,3,14,,5,0,right,0,"[4, 7, 4, 0, 0]","[""           bbbr "", "" bbr       g  r "", "" g r       g  r "", "" g r       g  r "", "" g r bbbbr g  r "", ""bg r g   r g  r "", ""   r g   r g  r "", ""Bbbbbg   r g  r "", ""         r g  r "", ""Bbbbbbbbbbbg  r "", ""              r "", ""BbbbbbbbbbbbbbbB""]"
catalog-10526,10526,Turn right onece,ussef_bhl,2,14,,9,0,up,0,"[2, 3, 0, 0, 0]","[""  brrrgrrrrb "", ""  gb       r "", ""   r       r "", ""   r GG    gg"", ""brrg GGrrrg r"", ""r         r r"", ""r         r r"", ""r      brrg r"", ""r      brrrrb"", ""r            ""]"
catalog-10992,10992,Blue Pac-Man,CandyApples,2,14,You can do this with less.,5,1,right,7,"[9, 2, 2, 0, 0]","[""  bbbbbbb   "", "" bbbbbbbbb  "", "" bbbbbbbbb  "", ""bbbbbbbb    "", ""bbbbbb      "", ""bbbb grgrgrG"", ""bbbbbb      "", ""bbbbbbbb    "", "" bbbbbbbbb  "", "" bbbbbbbbb  "", ""  bbbbbbb   ""]"
catalog-11247,11247,Down then Up,drmazhar,2,14,"Happy Time ""Dr Mazhar""",6,7,left,4,"[6, 5, 0, 0, 0]","[""              G"", ""         G    b"", ""         b  G b"", ""        Gb  b b"", ""        bb Gb b"", ""        bb bb b"", ""rrbrrrrbrrbrrbr"", ""bG bbGb        "", ""G  Gb b        "", ""    G b        "", ""      G        ""]"
catalog-11266,11266,Double Red Dead End,jnpollack,3,14,Inspired by drmazhar's 10434 - identical stack function (see comment in 10434),5,5,right,0,"[3, 8, 0, 0, 0]","[""RBBBRRBBBBR"", ""B   BB    B"", ""B R BB RR B"", ""B RBRB B  B"", ""B    B RBBR"", ""RBBBBbBBBBR"", ""RBBR B    B"", ""B  B BRBR B"", ""B RR BB R B"", ""B    BB   B"", ""RBBBBRRBBBR""]"
catalog-12709,12709,Climb the pyramid,bobbywankenobi,2,28,,5,0,right,0,"[5, 0, 0, 0, 0]","[""     rr     "", ""    bbbb    "", ""   bb  bb   "", ""  bb    bb  "", "" bb      bb "", ""bb        bB""]"
catalog-12870,12870,Shades til it disappears,BalanceBreaker,2,28,,0,4,left,5,"[6, 0, 0, 0, 0]","[""BgRrbrRrb"", "" r  r   r"", "" r  r   r"", "" R  R   R"", "" R  R   R"", "" r  r   r"", "" r  r   r"", "" gRrbrRrb""]"
catalog-12910,12910,Cumulative Complexity,axorion,3,14,,3,6,up,0,"[6, 3, 3, 3, 3]","[""bbbbb bbbbb"", ""b B b b B b"", ""bB Bb bB Bb"", ""b B B b B b"", ""bbbB   Bbbb"", ""  b     b  "", ""bbbB   Bbbb"", ""b B B B B b"", ""bB BbbbB Bb"", ""b B b b B b"", ""bbbbb bbbbb""]"
catalog-13956,13956,Simple spiral,Weildcard,2,14,Inspired by 13906.  Hint: F2 on green.,11,0,right,0,"[4, 4, 0, 0, 0]","[""rbbbbggbbgbbgbbr"", ""b    BB  B  B  b"", ""gB             b"", ""b  rbbbgbgbbr Bg"", ""b  b   B B  b  b"", ""b  gB B  B Bg  b"", ""b  rbbgbbgB b  b"", ""b   B    B  b  b"", ""rbbbgbbbbgbbr  b"", ""               b"", ""   B  B     B Bg"", ""bbbgbbgbbbbbgbbr""]"
catalog-14585,14585,The Long and Winding Road,kraker,3,14,"...no, you can't hack it...",11,0,right,0,"[2, 5, 0, 0, 0]","[""     gg         "", ""     bb         "", ""     bb         "", ""     bbggr      "", "" rbbbbbb bbbbr  "", "" b    bbbbbbbbbr"", "" gbbbb       b b"", ""   gbb       b b"", ""    grbbbbbbbr b"", ""       b       b"", ""       B       b"", ""bbbbbbbbbbbbbbbr""]"
catalog-14908,14908,Stairs with green ends.For John,AlexPav,2,28,For John.,11,0,right,0,"[4, 4, 0, 0, 0]","[""             GB"", ""             B "", ""             B "", ""             B "", ""        GBBBBG "", ""        B      "", ""        B      "", ""        B      "", ""      GBG      "", ""   GBBG        "", ""  GG           "", ""bBG            ""]"
catalog-15078,15078,Stop on star,Kildetoft,2,14,But how?,4,0,right,0,"[4, 4, 0, 0, 0]","[""    B    "", ""    b    "", ""    b    "", ""    b    "", ""bbbbgbbbB"", ""    b    "", ""    b    "", ""    b    "", ""    B    ""]"
catalog-15089,15089,vid test Level 4,pschbb12,2,14,ICbDJpHTEnQ t=248,5,0,right,1,"[6, 0, 0, 0, 0]","[""      G"", ""      r"", ""      r"", ""      r"", ""      r"", ""grrrrrb"", ""      r"", ""      r"", ""      r"", ""      r"", ""      G""]"
catalog-503,503,marine march ,ammonzing,3,375,stand hut!,2,2,right,0,"[3, 3, 0, 0, 0]","[""gbgbgbgbgbgbgbgg"", ""b R R R R R R Rg"", ""bRgbgbgbgbgbgbgg"", ""b R R R R R R Rg"", ""gbgbgbgbgbgbgbgg""]"
catalog-227,227,propeller,wallacoloo,3,441,,4,2,right,0,"[10, 4, 0, 0, 0]","[""     B"", ""     r"", ""    bb"", ""   bb "", ""  bB  "", "" bb   "", ""bb    "", ""r     "", ""B     ""]"
catalog-2547,2547,Strange spiral 2,anton_s,2,55,,6,6,right,0,"[3, 3, 0, 0, 0]","[""   BggggggB  "", ""  BB      BB "", "" BB BggggB BB"", ""BB BB    BB g"", ""g BB BggB g g"", ""g g BB  g g g"", ""g g g ggB g g"", ""g g BB   BB g"", ""g BB BgggB BB"", ""BB BB     BB "", "" BB BgggggB  "", ""  BB         ""]"
catalog-499,499,Feeling a little cross,rainault,2,699,,3,3,right,2,"[4, 3, 0, 0, 0]","[""   B   "", ""   b   "", ""   b   "", ""BbbrbbB"", ""   b   "", ""   b   "", ""   B   ""]"
catalog-93,93,Fly in the sky,evko,4,41,"simple recursion, hard path",5,0,right,0,"[10, 0, 0, 0, 0]","[""bbbbbbbbgbbbbbb"", ""bbbbbbbbg  bbbb"", ""bbbbbbbg   bbbb"", ""bbbbbbb bbbgbbb"", ""bbbbbb gBbbBbbb"", ""bbbbb bgBbbBbbb"", ""bbbbbb gBbbBbbb"", ""bbbbbbb bbbgbbb"", ""bbbbbbbg   bbbb"", ""bbbbbbbbg  bbbb"", ""bbbbbbbbgbbbbbb""]"
catalog-1412,1412,Curvy,kraker,2,41,(and straight),0,2,right,0,"[8, 3, 0, 0, 0]","[""  gBR         "", ""    BBR       "", ""  RR  BBBR    "", ""  G      BBBBG"", "" RR          B"", "" G          BR"", ""RR          B "", ""GBBBB      BR "", ""    RBBB   B  "", ""       RBB B  "", ""         RBG  ""]"
catalog-405,405,Another Hidden Rule,snydej,2,95,,0,0,right,0,"[10, 0, 0, 0, 0]","[""gggrgrrrrggrgggb"", ""               g"", ""bggrrrgrrgrrgb g"", ""g            g r"", ""r brgrrgrrgb r r"", ""r r        g r r"", ""g r B      g g g"", ""g r rrrrrggb r g"", ""r r          g r"", ""r bgggrgrrgrgb g"", ""g              g"", ""bggggrrrgggrrggb""]"
catalog-873,873,T is for Trivial,beaza,2,95,,6,6,up,2,"[5, 0, 0, 0, 0]","[""BBBBBgBBBBBB"", ""BBBBBBBBBBBB"", ""     BB     "", ""     BB     "", ""     BB     "", ""     BB     "", ""     Bb     "", ""     BB     "", ""     BB     "", ""     BB     "", ""     BB     ""]"
catalog-988,988,Follow The Wall,rafaelromao,3,27,,8,4,right,0,"[6, 0, 0, 0, 0]","[""BBBBBBBBBB"", ""BGGGGGGGGB"", ""BG      GB"", ""BG      GB"", ""BG      GB"", ""BG      GB"", ""BGGGGGGGGB"", ""BBBBBBBBBB"", ""    bb    ""]"
catalog-1438,1438,Tag reuse (lite),kraker,3,27,,0,8,right,0,"[4, 4, 2, 0, 0]","[""        bRbbbbb"", ""              b"", ""              R"", ""              b"", ""bbRbbbbbbbb   b"", ""b         b   b"", ""b         b   b"", ""b         R   b"", ""b         b   b"", ""R         b   b"", ""bbbbbbbbbbbRbbb"", ""          G    ""]"
catalog-2179,2179,acute angle,onqt,2,54,,5,7,left,0,"[6, 0, 0, 0, 0]","[""    B   "", ""   bb   "", ""  bb    "", "" bb     "", ""gb      "", ""gbbbbbbb""]"
catalog-2670,2670,3 Spirals,anton_s,2,27,3 little spirals. Very easy and simple.,2,12,right,0,"[10, 3, 3, 3, 0]","[""GBBG GBBG GBBG"", ""B  B B  B B  B"", ""B GG B GG B gG"", ""B    B    B   "", ""GBBBBGBBBBG   ""]"
catalog-2854,2854,Blocks,benjaminrr,2,27,Childs Play,7,7,right,0,"[5, 3, 4, 6, 8]","[""gg BBbBB gg RR  "", ""gg BB BB gg RRR "", ""g  b   r     g  "", ""rr GG RRbBB GG b"", ""rr GG RR BB GG b"", ""   g      b  g  "", ""BBrRR GG BB GG b"", ""BB RR GggBB GG b"", ""b            b  "", ""BB GG GG GG BB r"", ""BBbGGgGGgGGgBB r""]"
catalog-2899,2899,More or Less,axorion,3,27,An easy puzzle.,6,6,down,0,"[10, 0, 0, 0, 0]","[""bbbbbbbrbbbbb"", ""b           b"", ""b bbbbbbbrb b"", ""b b       b b"", ""b r gbbbg b b"", ""b b b   b b b"", ""r b b b b b b"", ""b b b gbg b r"", ""b b b     b b"", ""b b gbbbbbg b"", ""b b         b"", ""B bbbrbbbbbbb""]"
catalog-7209,7209,Tim's Puzzle #13,timthree,2,27,Enjoy!,2,0,right,1,"[5, 2, 2, 0, 0]","[""gBbBbBbBbBbBbBb"", ""B B B B B B B B"", ""gBbBbBbBbBbBbBb""]"
catalog-2248,2248,Windows,jaex,2,67,,0,5,up,1,"[2, 8, 0, 0, 0]","[""RbbbbbbbbbR"", ""br   b   rb"", ""b GbbbbbG b"", ""b b  b  b b"", ""RbRbbbbbRbR"", ""b b  b  b b"", ""b GbbbbbG b"", ""br   b   rb"", ""RbbbbRbbbbR""]"
catalog-225,225,timer,mathew995,2,1283,,11,0,right,0,"[4, 4, 4, 0, 0]","[""RBBBBBBBBBBBBBBB"", ""RGRRRRRRRRRRRRRG"", ""RGBGGGGGGGGGGGBG"", ""RGBRBBBBBBBBBRBG"", ""RGBRGRRRRRRRGRBG"", ""RGBRGBGGGGGBGRBG"", ""RGBRBBBBBBRBGRBG"", ""RGBGGGGGGGGBGRBG"", ""RGRRRRRRRRRRGRBG"", ""RBBBBBBBBBBBBRBG"", ""GGGGGGGGGGGGGGBG"", ""rRRRRRRRRRRRRRRG""]"
catalog-494,494,Blue Bee,rilo,3,80,,4,5,right,7,"[5, 5, 0, 0, 0]","[""RBBBBBBBBBR"", ""BgggggggggB"", ""BgggggggggB"", ""BgggggggggB"", ""GGGGGgGGGGR"", ""RGGGGGGGGGR"", ""BgggggggggB"", ""BgggggggggB"", ""BgggggggggB"", ""RBBBBBBBBBR""]"
catalog-540,540,Turn Right At The Stars,rafaelromao,3,40,,0,11,down,0,"[3, 3, 3, 3, 0]","[""BbbbbbbbbbRb"", ""bBbbbbbbbRbb"", ""bbBbbbbbRbbb"", ""bbbBbbbRbbbb"", ""bbbbBbRbbbbb"", ""gggggBbggggg"", ""gggggRRggggg"", ""bbbbBggBbbbb"", ""bbbBbggbBbbb"", ""bbBbbggbbBbb"", ""bBbbbggbbbBb"", ""BbbbbggbbbbB""]"
catalog-801,801,Plus (part 2),beaza,3,40,"shows how one simple turn at the start affects ""Plus (part 1)""",4,4,up,0,"[6, 0, 0, 0, 0]","[""    B    "", ""    b    "", ""    b    "", ""    b    "", ""RbbbgbbbR"", ""    b    "", ""    b    "", ""    b    "", ""    R    ""]"
catalog-1217,1217,Training Day I (3.25 laps),axorion,2,40,"To curse, or recurse: that is the question.",0,0,right,0,"[8, 4, 4, 4, 4]","[""rbbbbgbbbbB"", ""b         b"", ""b Bbbbbbrbb"", ""b b     b b"", ""b b rgB b b"", ""b g b b g b"", ""b b Bgr b b"", ""b b   b b b"", ""b rbbbbbB b"", ""b         b"", ""BbbbbgbbbbR""]"
catalog-325,325,Return of Robo 2,abhishikt,3,53,,6,4,right,0,"[9, 0, 0, 0, 0]","[""RBB     BBR"", ""B B     B B"", ""BBBBB BBBBB"", ""  B B B B  "", ""  BBBBGBB  "", ""    B B    "", ""  BBgBBBB  "", ""  B B B B  "", ""BBBBB BBBBB"", ""B B     B B"", ""RBB     BBR""]"
catalog-783,783,Spiral Technique III,axelbrz,2,53,,6,5,right,1,"[5, 0, 0, 0, 0]","[""BBBBBBBBBBBB"", ""BBBBBBBBBBBB"", ""BBBBBBBBBBBB"", ""BBBBBBBBBBBB"", ""BBBBBBBBBBBB"", ""BBBBBRRBBBBB"", ""BBBBBrRBBBBB"", ""BBBBBRBBBBBB"", ""BBBBRBBBBBBB"", ""BBBRBBBBBBBB"", ""BBRBBBBBBBBB"", ""BRBBBBBBBBBB""]"
catalog-945,945,Laser Reflection,axelbrz,2,53,,10,1,right,0,"[2, 8, 2, 0, 0]","[""bbb  bbb bbb bbb"", ""bBRRRRBb bBRRRBb"", ""bR    Rb bR   Rb"", "" R   bR   Rb  R "", "" R   bBRRRBb  R "", "" Rbbbbbb bbb  R "", "" RbBRRRRRRBb  R "", ""bRbR      Rb  R "", ""bBRRRRRRRRBb  R "", ""bbbR     bbb  Rb"", "" rRRRRRRRRRRRRBb"", ""   R         bbb""]"
catalog-13804,13804,Lv.4,Giromi,1,53,,5,5,up,2,"[6, 0, 0, 0, 0]","[""BggggrggggB"", ""     g     "", ""     g     "", ""     g     "", ""     g     "", ""     b     ""]"
catalog-102,102,Two kinds of memory,evko,5,13,,4,2,up,0,"[5, 4, 3, 0, 0]","[""GGGGGGR"", ""G     R"", ""GGGGGRR"", ""GG   RR"", ""GGgR RR"", ""RRGGGGG"", ""RRGGGGG"", ""R   GGG"", ""RGGGGGG"", ""R     G"", ""BBBBBBB""]"
catalog-194,194,RoboZZle vs Turing machine (Part I),evko,5,13,Warning! Binary math detected!,0,0,down,3,"[6, 6, 6, 10, 6]","[""bBBBBBBBB"", ""R       B"", ""R BBBBB B"", ""R RBBBB B"", ""B RR BB B"", ""  BB RB B"", ""B BB GB B"", ""B BB GR B"", ""BBBBBBG R"", ""  BBBBB G"", ""  B     R"", ""  BBBBBBB""]"
catalog-367,367,multiplication,alvarom,4,13,red X green = blue,0,0,right,7,"[10, 10, 10, 10, 10]","[""grrggBBBB       "", ""grrrgggBBBBBBBBB"", ""grrggggBBBBBBBB "", ""grrrggBBBBBB    "", ""grgB            "", ""grgggBBB        "", ""grrrrggBBBBBBBB "", ""grrgBB          "", ""grrrggBBBBBB    "", ""grrrgBBB        "", ""grggggBBBB      "", ""grrrrgggBBBBBBBB""]"
catalog-371,371,division,alvarom,4,13,blue / red = green,0,0,right,7,"[10, 10, 10, 10, 10]","[""gbbbbbbbbbrrrggG"", ""gbbbbbbrrrgG    "", ""gbbbbrrgG       "", ""gbbbbrgggG      "", ""gbbbbbbbbrrrrgG "", ""gbbrgG          "", ""gbbbbbbrrggG    "", ""gbbbbbbbbrrgggG "", ""gbbbbbbbrggggggG"", ""gbbbbbbbbbrrrggG"", ""gbbbbbrggggG    "", ""gbbbbrrgG       ""]"
catalog-534,534,Perspective IV,markbyers,4,13,,10,5,up,0,"[10, 10, 10, 5, 5]","[""     BBBBBBBBBBB"", ""     B         B"", ""     BBBBBBBBB B"", ""     B       B B"", ""     BBBBBBB B B"", ""b    B     B B B"", ""rb   BBBBB B B B"", ""rrb  B   B B B B"", ""rrrb BBB B B B B"", ""rrrrbB B B B B B"", ""bbbbbrBBBBBBBBBB""]"
catalog-545,545,Ternary Tree Symmetry,markbyers,4,13,,5,7,left,0,"[5, 5, 5, 5, 5]","["" g  g g  R R  R "", ""ggbbgbggRRRRRRRR"", "" b  b g  R R  R "", ""ggg b      R RRR"", "" g  b      R  R "", ""   ggbbbRRRRR   "", "" g  b g  R R  R "", ""ggbbgbggRRRRRRRR"", "" g  b g  R R  R "", ""   ggg    RRR   "", ""    g      R    ""]"
catalog-613,613,Symmetry - Dizziness,markbyers,4,13,,4,1,right,0,"[5, 5, 5, 5, 5]","[""GBBBBG    RRRRRR"", ""B   GG    RR   R"", ""B   BGBBRRRR   R"", ""B   BB    RR   R"", ""BgBBGBBGRRRRRRRR"", ""GBBBBGGGRRRRRRRR"", ""    B B  R R    "", ""    B B  R R    "", "" GBBBBG  RRRRRR "", "" B  B      R  R "", "" B  B      R  R "", "" GBBG      RRRR ""]"
catalog-702,702,Linked List III,markbyers,4,13,Relative indexing,7,4,left,0,"[5, 10, 5, 5, 5]","[""BGGBBBBBBBBBBBBB"", ""BGGGGGGGGBBBB   "", ""BRRBBBBBBBBBBBB "", ""BGGGBBBBBBB     "", ""BRBBBBBB        "", ""BRRRBBBBBBBBB   "", ""BRBBBBBBBB      "", ""BGGGb           "", ""BRRRRRRRBBB     "", ""BRRRRRBBBBB     "", ""BRRBB           ""]"
catalog-744,744,Long Journey 3,rafaelromao,3,13,Collect The Fruits,8,0,right,0,"[3, 3, 3, 3, 0]","[""gbrbbbrbbbrbbbg"", ""b             b"", ""b RRR RRR bbbgb"", ""b RbR RbR b  bb"", ""b  b   b  b  bb"", ""b  rbbbrbbr  bb"", ""b            bb"", ""gbbbbbbbbbbbbgb"", ""bbrbbbrbbbrbbbg"", ""  b   b   b    "", "" RbR RbR RbR   "", "" RRR RRR RRR   ""]"
catalog-754,754,Chambers,markbyers,3,13,,4,6,right,0,"[5, 5, 5, 5, 5]","[""Bbbgbbgbbgb bB"", ""bb gb bb bb bb"", ""   b      b  b"", ""bbbgb bb bg bg"", ""gb bb bgbbb bb"", ""b            b"", ""bb bb bb bb bg"", ""bgbggbgb bgbgb"", ""   b  b   b b "", ""bbbgb bb bg bb"", ""Bb bb bgbbb bB""]"
catalog-784,784,run 4 ur life!,ammonzing,3,26,nice Stiletto's?,6,5,down,3,"[6, 2, 2, 0, 0]","[""    gbrrr  "", "" b  bbbrrr "", "" b   b   rr"", "" rbbbbbbr  "", ""     b  b  "", ""     b  bb "", ""  rbbr     "", ""  b  b     "", ""GRbR b RGG "", ""GGRG rbbRG "", ""  GG   RG  "", ""       GG  ""]"
catalog-806,806,double call stack,timotheeee,3,26,,7,0,up,0,"[3, 5, 0, 0, 0]","[""rbbbbbbbbbbbbbbb"", ""b              B"", ""b               "", ""b               "", ""b               "", ""b               "", ""b               "", ""b               ""]"
catalog-829,829,Stacked,sticky,4,13,,0,15,left,0,"[5, 10, 0, 0, 0]","[""gbbbbbbbbbbbbbbb"", ""g               "", ""b rbr           "", ""g g g           "", ""b b b           "", ""g g g           "", ""b b b       R   "", ""g rbgbgbgbgbg   "", ""b   b           "", ""g   g           "", ""b   b           "", ""rgbgr           ""]"
catalog-932,932,Unmarked Turn Spiral 2,markbyers,3,13,Just a different starting position.,0,0,right,0,"[5, 5, 0, 0, 0]","[""gbbbbbbbbbbbg"", ""            b"", ""  gbbbbbbbg b"", ""  b       b b"", ""  b gbbbg b b"", ""  b b   b b b"", ""  b b B b b b"", ""  b b bbg b b"", ""  b b     b b"", ""  b gbbbbbg b"", ""  b         b"", ""  bbbbbbbbbbg""]"
catalog-974,974,Pyramid,beaza,3,13,,0,7,down,2,"[5, 5, 10, 0, 0]","[""       r       "", ""      BBB      "", ""     BBBBB     "", ""    BBBBBBB    "", ""   BBBBBBBBB   "", ""  BBBBBBBBBBB  "", "" BBBBBBBBBBBBB "", ""BBBBBBBBBBBBBBB""]"
catalog-985,985,Counting And Halving,markbyers,4,13,A hint for 'Counting and Doubling'.,0,0,right,0,"[5, 5, 5, 0, 0]","[""rrrrrrrrgggggggg"", ""               r"", ""grrrrrrrrbbbb  r"", ""g           r  r"", ""g  gR grrb  r  r"", ""g  r  g  r  r  r"", ""r  gggrrrg  r  g"", ""r     r     b  g"", ""r     gggrrrb  g"", ""r              g"", ""bbbbbrrrrrrrrrrg""]"
catalog-1237,1237,Resonance 3,evko,3,13,,6,5,right,0,"[10, 3, 10, 3, 0]","[""         BBB"", ""        BBBB"", ""       BBBBB"", ""      BBBBB "", ""     BBBBB  "", ""    BBBBB   "", ""   BBrBB    "", ""  BBBBB     "", "" BBBBB      "", ""BBBBB       "", ""BBBB        "", ""BBB         ""]"
catalog-1277,1277,Steroids II,axorion,3,13,The sandbox club. (Hackers be wear!),2,3,up,0,"[10, 5, 5, 0, 0]","[""  BBrrBBrrBB  "", ""  BBrrBBrrBB  "", ""BBBb  rr  BBBB"", ""BBBB  rr  BBBB"", ""rr  ggBBgg  rr"", ""rr  ggBBgg  rr"", ""BBgg  gg  ggBB"", ""BBgg  gg  ggBB"", ""rr  BBBBBB  rr"", ""rr  BBBBBB  rr"", ""BBrrBB  BBrrBB"", ""BBrrBB  BBrrBB""]"
catalog-1471,1471,Decremental,axorion,3,13,Do you know the signs of poor incremental health?,10,4,up,0,"[5, 5, 0, 0, 0]","[""    B     B     "", ""    B     B     "", ""    B     B     "", ""    B     B     "", ""    B     B     "", ""    B     B     "", ""BBBBRBBBBBGBBBBB"", ""    B     B     "", ""    B     B     "", ""    B     B     "", ""    b     B     ""]"
catalog-1497,1497,The Sixth Power,axorion,3,26,Attempt to count to 64 by doubling. Don't count red.,6,5,right,0,"[5, 5, 5, 5, 0]","[""B RBBBBBBBBBBBR"", ""B B           B"", ""B B RBBBBBBBR B"", ""B B B       B B"", ""B B B RBBBR B B"", ""B B B B   B B B"", ""B B RbGBR B B B"", ""B B   B B B B B"", ""B RBBBR B B   B"", ""B       B     B"", ""RBBBBBBBR     B""]"
catalog-1537,1537,Flic-flac,kraker,3,13,Extending flip-flop,11,0,up,0,"[5, 5, 0, 0, 0]","[""GrG         GrG"", ""r r         r r"", ""b b         b b"", ""rbrbrGrrrbrbrbG"", ""b b GbGbGbG b b"", ""r r rGrrrGr r r"", ""r r rbr rbr r r"", ""r r rGrrrGr r r"", ""b b bbGbGbb b b"", ""rbrbrGrrrbrbrbG"", ""b b b     b b b"", ""r GrG     GrG r""]"
catalog-1552,1552,Another crawler,kraker,3,13,Clockwise or counterclockwise?,11,1,up,0,"[5, 6, 0, 0, 0]","[""   RGRGRGRGRGG "", "" Gbbbbbbbbbbbb "", "" Gb          bR"", ""  bbbbb      bG"", ""  GGRRb bbbbbbG"", ""  RGRRb bRRGR  "", ""Gbbbbbb bRRGG  "", ""Gb      bbbbb  "", ""Rb          bR "", ""Gb          bG "", ""RbbbbbbbbbbbbG "", "" bGRGRGRGRGR   ""]"
catalog-1582,1582,Endless Belt (lite),kraker,3,13,"Similar principle, less commands",4,4,right,0,"[3, 5, 2, 0, 0]","[""          G  "", ""      G   B  "", ""  G   B  BBG "", ""GBBB  BBBBB  "", ""  BBbBB  B   "", ""   B  BBBBB  "", ""  BBBBB  BBBG"", "" GBB  B   G  "", ""  B   G      "", ""  G          ""]"
catalog-1590,1590,tank,samarth,3,13,one step ahead,3,0,right,7,"[4, 4, 0, 0, 0]","[""  B  "", ""  b  "", ""  b  "", ""bbbRb"", ""Rbbbb"", ""bbbbb"", ""bbbbb"", ""RbbRb""]"
catalog-1627,1627,Edition,sticky,3,13,Find the green edits.,0,0,down,0,"[6, 7, 8, 9, 10]","[""bbBbBbBbBbBbBbB "", ""r r r r r r gBg "", ""r r gBg g g g g "", ""r r r gBg g g g "", ""r r r r r r r gB"", ""r gBg g g g g g "", ""r r r r r r gBg "", ""r r r r gBg g g "", ""r r r gBg g g g "", ""r gBg g g g g g "", ""r r r r gBg g g "", ""BbBbBbBbBbBbBbB ""]"
catalog-1631,1631,On to the Autobahn,kraker,4,13,Another crawl stack,4,1,down,0,"[4, 4, 4, 0, 0]","[""gggggggggggggggg"", ""gbbbbbbbbbbbbbbg"", ""gb            bg"", ""gb            bg"", ""gb            bg"", ""              bR"", ""RR            RR"", ""RR            RR"", ""RR            RR"", ""RRRRRRRRRRRRRRRR"", ""RRRRRRRRRRRRRRRR""]"
catalog-1633,1633,Chromatic odd or even,igoro,3,13,"Odd = right, even = left",0,0,right,3,"[5, 5, 2, 0, 0]","[""bbbbbbbrbbbbbbb"", ""              b"", ""      bbbrbbB b"", ""      r       b"", ""  bbrbb bbrbb b"", ""  r     r   b r"", ""  bbbrbbb   r b"", ""            b b"", ""bbbbbbrbbbbbb b"", ""r             b"", ""bbbbbbbrbbbbbbb""]"
catalog-1766,1766,Twist 2,lendesg,3,13,,4,4,down,0,"[3, 5, 4, 4, 2]","[""  rbbbg  "", "" rg b rg "", ""rg  b  rg"", ""b  bbb  b"", ""b bbbbb b"", ""b bbbbb b"", ""rg bbb rg"", "" b  b  B "", ""   brB   ""]"
catalog-1991,1991,Count to 0,ebusiness,3,13,Turn whenever you have passed an equal number of blue and green tiles.,11,0,right,0,"[10, 10, 8, 0, 0]","[""  GGBGRBBG      "", ""  B      G      "", ""  R      G GGBBR"", ""  GBBBBGRBGBGGGG"", ""         G B    "", ""         B      "", ""         B      "", "" GRRGBGGGBBRRBBG"", "" RBBGRBRGG     G"", ""               B"", ""               B"", ""bBBBBBBBGGGGGGGG""]"
catalog-2083,2083,Triangle towers II,ebusiness,3,13,"The same, yet totally different.",5,0,right,0,"[10, 10, 0, 0, 0]","[""  B             "", ""  BB            "", ""  BBB       B   "", ""  BBBB   B  BB  "", ""  BBBBB  BB BBB "", ""rrgggggrrggrgggr""]"
catalog-2121,2121,Simple Math,axorion,3,13,"C=2(A-B); Start on A, End on C, B is red to red.",11,0,right,0,"[5, 5, 5, 5, 0]","[""bbbbbbrbbrbbbbbb"", ""b              b"", ""b bbbbbbrrbbbb b"", ""b b          b b"", ""r r  bbbbrbb r b"", ""b r  B     b b b"", ""b b        r r r"", ""r bbbrbbbbbb b r"", ""b            b b"", ""bbbbbrbrbbbbbb b"", ""               b"", ""bbbbbbbrbbbbbrbb""]"
catalog-2132,2132,Stack Overflow,axorion,3,13,The stack is not empty at the corners.,11,0,right,0,"[5, 8, 5, 3, 0]","[""bbbrbbrbbBbBbbbb"", ""b        B B   r"", ""b bbbrbbrBbBbb r"", ""BBBB     B B r b"", ""b b        b r b"", ""b r        b b b"", ""b r B      b b b"", ""r bbBbbbbrrb b b"", ""R   B       BBBB"", ""BbbbBrbbbrbbbb b"", ""B              b"", ""bbbrbbbbbrbbbbbb""]"
catalog-2146,2146,Double back on red,ebusiness,3,13,,8,11,right,0,"[5, 8, 8, 3, 0]","[""   R            "", "" R B            "", "" BBBBR G        "", ""GB BBBBBBBBBBBBR"", ""   B   B B      "", ""   B RBBBBBBBBBR"", "" GBB     B B    "", ""   B     R B    "", ""   B       b    "", ""   B       B    "", ""   R       B    "", ""           R    ""]"
catalog-2151,2151,Unhackable,ebusiness,4,13,"The same as 'Double back on red', just crammed, optimised and unhackable.",9,8,right,0,"[3, 5, 4, 3, 2]","[""        RR      "", ""  R     BBBBBBBR"", ""  B  RGBBBRGB   "", ""  B  B  BGRBBBBR"", ""  B GBBBBBBRBB  "", ""  B  B  G G RB  "", ""GBBBBBBBR B  B  "", ""  B  B RBBBBBBBG"", ""  B  G    B  B  "", ""RBBBBBBBbBBR B  "", ""  B     B B  B  "", ""RBBBB   G R  R  ""]"
catalog-2227,2227,Two Way,jaex,3,13,,5,14,left,0,"[5, 10, 2, 2, 0]","[""RgGgG ggg ggg  "", ""g g g g g g g  "", ""GgGgG g g g g  "", ""g g g g g g g  "", ""GgGgGgg ggg ggg"", ""g             g"", ""GgGgGgg ggg ggg"", ""g g g g g g g  "", ""GgGgG g g g g  "", ""g g g g g g g  "", ""RgGgG ggg ggg  ""]"
catalog-2235,2235,Nested Stacks,qinn,4,13,,3,6,right,0,"[3, 10, 10, 5, 0]","[""         R  bb  "", ""RgggR   Rg bbggR"", ""g   g  Rggbb gR "", ""g RgR bgggb  bb "", ""g B           bb"", ""g       bggggggb"", ""g      bbRggggg "", ""bb    bb  gRggg "", "" bb  bb   R ggg "", ""Rgg bb      gRg "", "" Rgbb       g R "", ""  bb        R   ""]"
catalog-2263,2263,Decreasing Squares,qinn,3,13,,0,0,right,1,"[5, 5, 5, 5, 5]","[""gBBBBBBBBBBR"", ""BGBBBBBBBB B"", ""BBGBBBBB B B"", ""BBBGBB B B B"", ""BBBB B B B B"", ""BBBBBB B B B"", ""BBB    B B B"", ""BBBBBBBB B B"", ""BB       B B"", ""BBBBBBBBBB B"", ""B          B"", ""RBBBBBBBBBBR""]"
catalog-2292,2292,2 Bit Way,jaex,2,26,"GR = Forward, GG = Right, RG = Left, RR = Turn 180 & Forward",6,0,right,0,"[4, 5, 5, 0, 0]","[""GrbrrgbrgbrgbG"", ""b            r"", ""b   R     R  b"", ""r   r     r  g"", ""b   GgbrR b  b"", ""rrbgg     r  b"", ""bgrrg GgrrGbrG"", ""b   r g       "", ""r   b GgbbG   "", ""GgG b     r   "", ""g g r     b   "", ""GgG GbrbbrG   ""]"
catalog-2523,2523,Three Phase 2,axorion,3,26,No stacking required.,6,7,right,0,"[5, 5, 5, 0, 0]","[""      rbrgbg   "", ""     rb    rg  "", ""    rb grbb rg "", ""    g gb  rb rg"", "" rr r g gg rb r"", ""rGGgr bbRRg g g"", ""rGGr   gRRg r b"", "" rr grb gg gr r"", ""    b gb  gr gb"", ""    rb ggbr gb "", ""     rb    gb  "", ""      rgrbgb   ""]"
catalog-2529,2529,colourgame,tier,3,13,youe don't need all places? Please say it to me!,6,7,right,1,"[4, 4, 5, 4, 0]","[""      R  RgrrR"", ""      R  r   g"", ""      R  R   r"", ""BbrrRgRgbRrrrR"", ""    g b  g   g"", ""    r g  r   r"", ""    r RrgRrbgR"", ""    r    r    "", ""    RgrrrRrrrR"", ""    r    r   g"", ""    b    g   r"", ""    B    RrrgR""]"
catalog-2623,2623,It must have been love,carrben12,3,13,But it's over now,3,0,right,0,"[6, 4, 2, 2, 2]","[""  rRr   rBr  "", "" rr rr rr rr "", ""rr   rrr   rr"", ""rr    R    rR"", "" rr       rr "", ""  rr     rr  "", ""   rr   rr   "", ""    rr rr    "", ""     rBr     "", ""      r      ""]"
catalog-2653,2653,Quadrant,axorion,3,13,Three custom copies.,5,5,up,0,"[4, 6, 6, 6, 0]","[""  BRRBBBB  "", "" BRB R BBB "", ""BRRRBRBBBBB"", ""RBRRBRBBBBB"", ""R BB R BB B"", ""BRRRRgBBBBB"", ""B BB B BB B"", ""BBBBBBBBBBB"", ""BBBBBBBBBBB"", "" BBB B BBB "", ""  BBBBBBB  ""]"
catalog-2687,2687,Pushing Teal,axorion,3,13,Nothing new. Optimized 1663: Dizzy Distance,1,0,down,0,"[8, 0, 0, 0, 0]","["" rbgbggbgggbbbbr"", ""bb       rggbr g"", ""bb rrrrrrr   g g"", ""gb r r r R   b g"", ""bg r r rR Rr b b"", ""bb r r   R r g b"", ""bb r rrrrr r b b"", ""bb r       r b b"", ""gb rrrrrrrrr g g"", ""bg           b b"", ""brbbgbbgggbggr b"", ""rbbbbbbgbbbbbbgr""]"
catalog-2705,2705,Eastern Constellation,axorion,3,13,Daily RoboZZle,5,0,down,0,"[6, 6, 6, 6, 0]","[""gBb            "", ""b b   gBb      "", ""b b   b b   gBb"", ""B b   b bgBbb b"", ""  bgBbb bb bb b"", ""b gB gB gB gB R"", ""b bgBbb bb bb b"", ""b b   b bgBbb b"", ""b b   b b   gBb"", ""b b   gBb      "", ""gBb            ""]"
catalog-2950,2950,Trail of Shadows,axorion,3,13,A little less foreboding than the Path of Darkness 2946.,11,0,up,0,"[7, 7, 5, 5, 3]","[""rbbggbbbggbbbgbr"", ""grbgbbbggbbbggrb"", ""gb            bg"", ""bb rrrrr      bg"", ""bg r   rr     bb"", ""bb rrr  rrrr  gb"", ""gb   r   r rr bg"", ""gb  rr  rr  r bb"", ""bg rr  Rr  Rr gg"", ""bg r          bg"", ""bb rgbbggbbgbbrb"", ""brbggbbggbbbggbr""]"
catalog-2962,2962,Second Chance,kraker,3,13,but don't look back,11,15,up,0,"[3, 7, 0, 0, 0]","[""RbbbbbbbbbbbbbbR"", ""b              b"", ""b              b"", ""b  GbbbbbbbbR  b"", ""b  b     b  b  b"", ""b  b     b  b  b"", ""b  b     b  b  b"", ""b  bR    b  b  b"", ""b  RbbbbbR  b  b"", ""b           b  b"", ""b           b  b"", ""Rbbbbbbbbbbbbbbg""]"
catalog-2973,2973,Hélices de Feu ,benjaminrr,3,13,,6,6,right,1,"[6, 6, 0, 6, 0]","["" GgGGgG      "", ""  GgGGg     G"", ""   GgGG    Gg"", ""    GgG   GgG"", ""     Gg  GgGG"", ""      b GgGGg"", ""GgGGgbrbgGGgG"", ""gGGgG b      "", ""GGgG  gG     "", ""GgG   GgG    "", ""gG    GGgG   "", ""G     gGGgG  ""]"
catalog-3098,3098,5 Stars - Other,shaggy12,3,13,,11,10,left,0,"[9, 0, 0, 0, 0]","[""  bGb      "", "" bb bb     "", ""Rb   bR    "", ""rb   br    "", "" bb bb     "", ""  BbB      "", ""   r       "", ""   r       "", ""   r       "", ""   r       "", ""   r       "", ""   grrrrrrr""]"
catalog-3121,3121,Easy tree,pulver,4,13,...with a twist,10,8,up,0,"[2, 10, 0, 0, 0]","[""  R R R R  R  R "", ""  B B B B  B  B "", ""RBGBGBGBGBBGBBGR"", ""  B B B R  R  R "", ""  B B B         "", ""  B R R R R R R "", ""  B B B B B B B "", ""  B B B B B B B "", ""RBGBGBGBGBGBGBGR"", ""  B B B B B B B "", ""  B B B g B B B "", ""  R R R B R R R ""]"
catalog-3149,3149,Counting spiral,yaxlat,2,13,What to count?,0,0,right,0,"[5, 4, 2, 4, 2]","[""bbbGbGbbbGr"", ""          b"", ""          b"", ""   bGbGr  b"", ""   b   b  b"", ""   b  Gb  b"", ""   b      b"", ""   rbGGbbGb""]"
catalog-3270,3270,Torn Paper,benjaminrr,3,13,,0,0,down,5,"[10, 7, 7, 0, 0]","[""gGGGGGGGGGGG"", ""GGGGGGGGGGGG"", ""GGGGGGGGGGG "", ""GGGGGGGGGG  "", ""GGGGGGGGG  g"", ""GGGGGGGG  gg"", ""GGGGGGG  ggg"", ""GGGGGG  gggg"", ""GGGGG  ggggg"", ""GGGG  gggggg"", ""GGG  ggggggg"", ""GG  gggggggg""]"
catalog-3677,3677,Von Koch,denisb,3,13,full version  (see comment),8,0,right,3,"[5, 3, 3, 3, 2]","[""        GGG     "", ""        G G     "", ""      GGG GGG   "", ""      B     B   "", ""    BBB     BBB "", ""    B         B "", ""  RRRBB     BBRR"", ""  R R B     B R "", ""rRR RRR     RRR ""]"
catalog-3689,3689,Recursive,avalancher,3,13,thinking stacks,5,1,down,4,"[10, 10, 0, 0, 0]","[""GbbbRbbbG"", ""    b    "", "" GbbRbbG "", ""    b    "", ""    b    "", "" bbbr    "", ""    b    "", ""    b    "", "" GbbRbbG "", ""    b    "", ""gbbbRbbbG""]"
catalog-4333,4333,"""Off-By-One"" Error 3",theme,3,13,Finally no alternatives!,11,0,right,2,"[3, 5, 0, 0, 0]","[""bbbbbbbrgbgggbbb"", ""g              b"", ""g bbbbbrbbgbbb b"", ""g g          b b"", ""g b bbbrbggb b b"", ""r r B      r r r"", ""b b        g b g"", ""b bbggbrbbbb b b"", ""b            b b"", ""bgbgbgbrbbbbbb b"", ""               g"", ""bgbbbgbbrbbbbbbb""]"
catalog-4455,4455,My first try,jojoshow,3,13,,11,0,up,0,"[5, 2, 6, 6, 2]","[""b g b g r b b b "", ""b b b b bbRbb b "", ""b b b R b b r b "", ""gbb b bbb b b b "", ""b b gbb b bbb r "", ""b b b b b g Bbb "", ""b r b b b bbb b "", ""b bBr b b b b b "", ""b b bbG b b b b "", ""r b g b b b bbb "", ""bbb b b b b G bB"", ""g g b b gbb b g ""]"
catalog-4549,4549,Maze (Hard),vorujack,3,13,Track Red Line,8,2,right,7,"[5, 0, 0, 0, 0]","[""rrrrrrrrrrrrr"", ""rbbbbbbbbbbbb"", ""rbbRRRRRRRRrr"", ""rbbRBBBBBBBbr"", ""rbbRBBBBBBRbr"", ""rbbRBBBBBBRbr"", ""rbbRBBBBBBRbr"", ""rbbRRRRRRRRbr"", ""rbbbbbbbbbbbr"", ""rrrrrrrrrrrrr""]"
catalog-4559,4559,Where would you turn?,mohammadhm,2,13,By MHM,7,0,up,0,"[5, 5, 0, 0, 0]","[""R"", ""B"", ""B"", ""B"", ""R"", ""B"", ""B"", ""b"", ""B"", ""B""]"
catalog-7222,7222,Big Maze,scorpio,3,13,Which hand do you prefer?,2,14,up,7,"[10, 5, 5, 0, 0]","[""    R    R R  R "", ""RbbbRbR RRgRggRR"", ""    g  R g R  g "", ""  R g RRgRR RbRR"", ""RbRgRR g R R  R "", ""  R g RRR RRbR  "", "" R  g  g R g  R "", ""RRggRggRgRgRR b "", "" g  R  b g R RRR"", "" g R   R g  R g "", ""RRgRbbR RRggRgRR"", "" R R     R  R R ""]"
catalog-7248,7248,"Oops, back again",myname,2,13,go too far,5,1,right,4,"[3, 5, 0, 0, 0]","[""       r r "", "" brbrbbbbb "", "" b B B B r "", ""rbBbBbBbBb "", "" b B B B b "", "" bBbBbBbBbr"", "" b B B B b "", "" bBbBbBbBbr"", "" r B B B b "", "" bbbbbbbrb "", ""     r     ""]"
catalog-8640,8640,#11 puzzle,Shanou,2,13,,4,6,right,0,"[6, 3, 0, 0, 0]","[""GGGGGGGGGGGGG"", ""G G G B G G G"", ""GGBgRGGGRgBGG"", ""G G G B G G G"", ""GBGBGBbBGBGBG"", ""G G G B G G G"", ""GGBgRGGGRgBGG"", ""G G G B G G G"", ""GGGGGGGGGGGGG""]"
catalog-8774,8774,A trip to the top (Part two),drmazhar,2,13,"Dr Mazhar advice ""Do the same as Part one""",7,0,right,7,"[6, 4, 7, 0, 0]","[""       BB       "", ""      BBBB      "", ""     BBBBBB     "", ""    BBBBBBBB    "", ""   BBBBBBBBBB   "", ""  BBBBBBBBBBBB  "", "" BBBBBBBBBBBBBB "", ""bBBBBBBBBBBBBBBR""]"
catalog-9808,9808,Colorful line,21s5039,2,13,Follow the colors!,6,7,right,7,"[5, 4, 7, 4, 0]","[""bbbrbbbbbbbbr   "", ""bbbbbbbbbbbbb   "", ""bbbbbbbbbbbbb   "", ""bbbbbbbbbbbbb   "", ""bbbbbbbbbbbbb   "", ""bbbbb    bbbb rr"", ""bbbbb  rbbbbr bb"", ""gbbgb         gg"", ""rrrrrrRRggggb   "", ""rrrrrrRRggggg   "", ""rrrrrrrrggggg   "", ""grrrrrrrrrrrb   ""]"
catalog-9872,9872,Apple tree,akabab,2,13,Can you grab the last apple ?,0,12,left,0,"[3, 6, 0, 0, 0]","[""gbbbbbbbbbbbg"", ""      b      "", ""      b      "", ""      b  g   "", ""      b Rb   "", ""      bbbbbbg"", ""      b      "", ""      b      "", ""      b      "", ""      b      "", ""      g      ""]"
catalog-10357,10357,Special Spiral,drmazhar,2,13,Good Luck,11,0,right,0,"[2, 10, 0, 0, 0]","[""RBBBBBBBBBBBBBBR"", ""BB         BBBBB"", ""BB            BB"", ""BB RBBBBBBBBR BB"", ""BB BB   BBBBB BB"", ""BB BB      BB BB"", ""BB BB   BB BB BB"", ""BB RBBBBBR BB BB"", ""BBB        BB BB"", ""RBBBBBBBBBBBR BB"", ""              BB"", ""bBBBBBBBBBBBBBBR""]"
catalog-10398,10398,Filter,drmazhar,3,13,"Dr Mazha's advice ""Store only the distances that can be used for spiral.""",3,3,down,0,"[6, 2, 3, 0, 0]","[""RBBBBBR        "", ""BRBBBRB        "", ""BBRBRBB        "", ""BBBrBBB        "", ""BBBBBBB        "", ""BBBBBBB  bbbbbb"", ""BBBBBBB  b    b"", ""BBBBBBB  b Bb b"", ""BBBRRBB  b  b b"", ""BBRBBRB  bbbb b"", ""BRBBBBR       b"", ""RBBBBBBGbbbbbbb""]"
catalog-11177,11177,Beachcombing,axorion,3,13,1284: Island Hopping 2,0,0,right,0,"[10, 0, 0, 0, 0]","[""bBB BBB BBBBBBB"", ""BgB BgrbrgggggB"", ""BgB BgB BBBBBrB"", ""BgrbrgB      b "", ""BgB BBB BBB BrB"", ""BgB     BgB BgB"", ""BgB BBB BgB BgB"", ""BgB BgrbrgB BBB"", ""BgB BgB BBB    "", ""BgrbrgB     BBB"", ""BgB BgrbbbbbrgB"", ""BBB BBB     BBB""]"
catalog-12574,12574,Odds and Evens (Lite edition),scorpio,3,13,Useful for #12522,0,0,down,0,"[5, 5, 5, 0, 0]","[""b       Bbbbbbbg"", ""b       b      b"", ""b     Bbg Bbbg b"", ""b     b   gB b b"", ""b   Bbg      b b"", ""b   b    gbbbB b"", ""b   b    b     b"", ""b   b    b gbbbB"", ""b   b    b b    "", ""b   gbbbbB b    "", ""b          b    "", ""gbbbbbbbbbbB    ""]"
catalog-12647,12647,unsolved,tjwjdgjs22,2,13,.,6,6,right,0,"[3, 3, 0, 0, 0]","[""bbbbbgggr bbbgr"", ""g       r g   r"", ""g       r g   r"", ""g       r r   r"", ""r       g r   r"", ""r       g r   g"", ""r     gbb rB  g"", ""r             g"", ""rggggggbbbbbbbb""]"
catalog-13951,13951,Iteration ,MYFZ,2,13,Team 7 (also uses selection),6,5,right,0,"[8, 0, 0, 0, 0]","[""RggGgggGggR"", ""bb       bb"", "" Bb     bB "", ""  bB   Bb  "", ""   bb bb   "", ""    BbB    "", ""     b     ""]"
catalog-570,570,Blue X,rafaelromao,2,2985,,2,2,right,0,"[4, 0, 0, 0, 0]","[""GGGGG"", ""GbGbG"", ""GGbGG"", ""GbGbG"", ""GGGGG""]"
catalog-999,999,Get The Greens,rafaelromao,1,516,,9,9,right,0,"[4, 0, 0, 0, 0]","[""GGG          GGG"", ""G G          G G"", ""GGbbbbbbbbbbbbGG"", ""  b          b  "", ""  b          b  "", ""  b          b  "", ""  b          b  "", ""  b          b  "", ""  b          b  "", ""GGbbbbbbbbbbbbGG"", ""G G          G G"", ""GGG          GGG""]"
catalog-132,132,Split,recursive,3,296,"So close, yet so far",8,0,up,0,"[2, 10, 0, 0, 0]","[""gbbbBr"", ""b     "", ""b     "", ""b     "", ""b     "", ""b     "", ""b     "", ""b     "", ""b     "", ""B     ""]"
catalog-116,116,I'm Batman,raijuzero,3,267,A themed descent into madness.,1,7,left,0,"[5, 5, 4, 0, 0]","[""bbbbbbbbbbBbbbb"", ""bbbbbbbrbbbbbbb"", ""bbB  bbbbb  Bbb"", ""bB  bb b bb  Bb"", ""r   bb   bb   b"", ""b             b"", ""b             b"", ""b             b"", ""b  bb b b bb  r"", ""bB  bbb bbb  Bb"", ""bbB  bbbbb  Bbb"", ""bbbrbbbRbbbbbbb""]"
catalog-1008,1008,Dampening II,snydej,3,38,,11,0,up,0,"[5, 5, 0, 0, 0]","[""GGGGGGGGGGGGGGGG"", ""b b b b b b b b "", ""b b b b b b b b "", ""b b b b b b b b "", ""b b b b b b b B "", ""b b b b b b B   "", ""b b b b b B     "", ""b b b b B       "", ""b b b B         "", ""b b B           "", ""b B             "", ""b               ""]"
catalog-1440,1440,Monolithic III,axorion,3,38,Two knights in a culdesac.,11,1,right,0,"[10, 0, 0, 0, 0]","[""Bg          "", "" ggg        "", ""   ggg      "", ""     ggg    "", ""       ggg  "", ""         ggg"", ""         rrr"", ""       rrr  "", ""     rrr    "", ""   rrr      "", "" rrr        "", ""Rr          ""]"
catalog-758,758,Rounded Corner Spiral,markbyers,2,139,,11,0,right,0,"[10, 0, 0, 0, 0]","["" rbbbbbbbbbbbbb "", ""bb            br"", ""b  rbbbbbbbbb  b"", ""b bb        br b"", ""b b   rbbbb  b b"", ""b b  Bb   br b b"", ""b rb      bb b b"", ""b  bbbbbbbr  b b"", ""rb          bb b"", "" bbbbbbbbbbbr  b"", ""              bb"", ""bbbbbbbbbbbbbbr ""]"
catalog-19,19,Red loop,igoro,2,1085,,1,1,right,0,"[5, 0, 0, 0, 0]","[""bbb     bbb"", ""brRRRRRRRRb"", ""bR       Rb"", "" R       R "", "" R       R "", "" R       R "", "" R       R "", ""bR       Rb"", ""bRRRRRRRRRb"", ""bbb     bbb""]"
catalog-2026,2026,color code,onqt,2,213,easy,6,7,right,0,"[4, 2, 2, 0, 0]","[""brbb brbbb  "", ""r  r g   r  "", ""bB bgb brb  "", ""       g    "", "" brbbb bgbbb"", "" b   r     r"", "" b brb bgb b"", "" b g     g b"", "" b bgbbbbb b"", "" r         b"", "" bbbbbbbbbrb""]"
catalog-224,224,Evil Green,surgency,2,977,,3,2,right,0,"[6, 4, 0, 0, 0]","[""ggrbbbg B"", ""b     g b"", ""b Ggbbr b"", ""b bgbbb b"", ""b rbbbb b"", ""b gbbbb b"", ""rggbbbG b"", ""g       b"", ""gbbbbbrgg""]"
catalog-180,180,Red lines,evko,3,25,,11,0,right,1,"[10, 5, 0, 0, 0]","[""BBBBBBBBBBBBBBBG"", ""BBBBBBBBBBBBBBBB"", ""BBBBBBBBBBBBBBBB"", ""BBBBBBBBBBBBBBBB"", ""BBBBBBBBBBBBBBBB"", ""BBBBBBBBBBBBBBBB"", ""BBBBBBBBBBBBBBBB"", ""BBBBBBBBBBBBBBBB"", ""BBBBBBBBBBBBBBBB"", ""BBBBBBBBBBBBBBBB"", ""BBBBBBBBBBBBBBBB"", ""bBBBBBBBBBBBBBBR""]"
catalog-972,972,Count Sequences,markbyers,3,25,Count the number of sequences of green or blue.,0,0,right,0,"[5, 5, 5, 5, 5]","[""ggggbbbbbggggrrr"", ""               g"", ""rgbggbgbrrrrrr g"", ""r            b b"", ""b rbbgbgrrrr g b"", ""b g        b g g"", ""b g G      b b b"", ""b g rrrbgbbr r b"", ""g g          r r"", ""g rrrbbbgbbbbr r"", ""g              r"", ""rrrrrrrbgbgbggbr""]"
catalog-15100,15100,functions without functions,SamPanda129,2,25,how is it done?,3,0,right,0,"[6, 0, 0, 0, 0]","[""              gG"", ""             rg "", ""            gg  "", ""bbbbbbbbbbbbr   ""]"
catalog-2183,2183,easy paint,onqt,2,37,,9,8,left,5,"[5, 0, 0, 0, 0]","[""RBBBBR   "", ""B    B   "", ""RBR  B   "", ""B B  B   "", ""B RBBBBR "", ""B BRBBRB "", ""B BBRRBB "", ""B BBRBRB "", ""B BRBBBR "", ""RBRBBGBBb"", ""B B  B   "", ""RBRBBR   ""]"
catalog-984,984,Pinwheel,beaza,2,49,,3,3,right,0,"[7, 0, 0, 0, 0]","[""    G   "", ""    G   "", ""    G   "", ""GGGrr   "", ""   rrGGG"", ""   Gb   "", ""   Gb   "", ""   Gb   "", ""    b   "", ""    b   "", ""    b   "", ""    b   ""]"
catalog-1515,1515,o.O,neotoby,2,49,Let the functinon build the puzzle.,4,2,left,0,"[5, 4, 0, 0, 0]","[""  GbbG"", ""  b  b"", ""GgG  b"", ""b bGgG"", ""Gbgb  "", ""  RG  ""]"
catalog-648,648,Tight Area,rafaelromao,2,2101,Easy,5,0,right,0,"[2, 2, 2, 2, 2]","[""R"", ""b"", ""g"", ""b"", ""g"", ""b"", ""g"", ""b"", ""g"", ""b"", ""R""]"
catalog-2325,2325,Square Object,jaex,2,183,,5,5,right,0,"[10, 0, 0, 0, 0]","[""r         r"", ""  rbbGbbr  "", "" rR  B  Rr "", "" b r B r b "", "" b   B   b "", "" GBBBbBBBG "", "" b   B   b "", "" b r B r b "", "" rR  B  Rr "", ""  rbbGbbr  "", ""r         r""]"
catalog-811,811,Counting by turns,0cache,2,85,(a hint for Bad Medicine),3,0,down,0,"[4, 5, 0, 0, 0]","[""rr Gr"", ""Grrrr"", "" r r "", ""rr rG"", ""rG rr""]"
catalog-103,103,"left on grn, right on blu",jacob_c,2,388,,10,5,up,0,"[4, 5, 5, 0, 0]","[""     R "", ""     r "", ""GGg brb"", ""GbrrrgB"", ""grg bBB"", "" r     "", ""grg bBB"", ""GbrrrgB"", ""GGg brb"", ""     r "", ""     r ""]"
catalog-745,745,glasses,timotheeee,2,109,,0,4,down,0,"[3, 3, 0, 0, 0]","[""   bb bB   "", ""    b b    "", ""    b b    "", ""    b b    "", ""bbbbbrbbbbb"", ""b   r r   b"", ""bgggb bgggb"", ""rgrgb bgrgr"", ""bgggb bgggb"", ""b   b b   b"", ""bbrbb bbrbb""]"
catalog-172,172,1-2-3-4... emm... 5...,evko,4,12,"see ""1-2-3-4-5"" as hint",10,5,up,1,"[10, 5, 5, 5, 5]","["" BbBbBbBbB "", ""B BbBbBbB B"", ""bB BbBbB Bb"", ""BbB BbB BbB"", ""bBbB B BbBb"", ""BbBbBgBbBbB"", ""bBbB B BbBb"", ""BbB BbB BbB"", ""bB BbBbB Bb"", ""B BbBbBbB B"", "" BbBbbbBbB ""]"
catalog-271,271,Stack Magic: Episode II,snydej,5,12,A Stack of the Clones (Actual Description: Stack Magic + Tree),11,13,up,0,"[10, 10, 10, 10, 0]","[""       GBBBBBBG"", ""GBRBRRRB      B"", ""B R    GRR RRRR"", ""GBRRR    R R  B"", ""  RRRRRRRR R  R"", "" BRRR      B  R"", ""      GBBRBG  R"", ""B     B  R    B"", ""R     R  R     "", ""RRG RRR  RRRBG "", ""  RRRRR      B "", ""  GBG B      r ""]"
catalog-294,294,Search the World,snydej,4,12,"Oh, the depths I will go to to try to be first.",6,7,right,4,"[6, 6, 0, 0, 0]","[""     BBB   BBBB "", ""    BGGGBBBGGGGB"", ""    BGBGGGGGGGGB"", ""    BGBGBBBGBBGB"", ""    BGBGB BGBBGB"", ""   BBGBGBBBGBBGB"", ""  BGGGBgGGGGBBGB"", "" BGGGGBBBBBB BGB"", ""BGGGGGB      BGB"", "" BGGGGBBBBBBBBGB"", ""  BGGGGGGGGGGGGB"", ""   BBBBBBBBBBBB ""]"
catalog-351,351,Plus or Minus One and...,snydej,5,12,...Jump on Red,3,0,down,0,"[10, 10, 10, 10, 10]","[""   B            "", ""  BBB B         "", "" BBBBBBB   B   B"", ""bBBBBBBBB BBB BB"", ""BBBBBBBBBBBBBBBB"", ""BBBBBBBBBBBBBBBB"", ""BBBBBBBBBBBBBBBB"", ""BBBBBBBBBBBBBBBB"", ""BRRRBBRBBBRRBBRR"", ""B   BB BBB  BB  "", ""GRRRGGRGGGRRGGRR""]"
catalog-399,399,Modulo,snydej,4,12,Blue = Red mod Green,0,0,right,0,"[10, 10, 10, 10, 10]","[""bRRRGGB        "", ""BRRGGGGBB      "", ""BRRRRRRRRGGGBB "", ""BRRRRRGGB      "", ""BRRRRRRRGGGGBBB"", ""BRGGB          "", ""BRRRRGGGB      "", ""BRRRRRGGGBB    "", ""BRRRRRRGGGGBB  "", ""BRRRGGGGBBB    "", ""BRRRRRRRRRRGGGB"", ""BRRRGGGGGBBB   ""]"
catalog-426,426,Fractal,snydej,4,12,,4,6,up,2,"[10, 10, 5, 5, 5]","[""B   B   B   B"", ""BBBBB   BBBBB"", ""B B B   B B B"", ""  B       B  "", ""  BBBBbBBBB  "", ""  B   B   B  "", ""B B B B B B B"", ""BBBBB B BBBBB"", ""B   B B B   B"", ""      G      ""]"
catalog-495,495,Mountain,markbyers,4,12,,0,5,down,1,"[10, 10, 10, 5, 0]","[""     b     "", ""    bbb    "", ""    B B    "", ""   bbbbb   "", ""   B B B   "", ""  bbbbbbb  "", ""  B B B B  "", "" bbbbbbbbb "", "" B B B B B "", ""bbbbbbbbbbb"", ""B B B B B B""]"
catalog-573,573,Twisted Tree,markbyers,3,12,,11,8,up,0,"[10, 5, 5, 5, 0]","[""  B        B    "", ""  b B      b bbB"", ""  gbg B    gbg  "", ""  b bbg B  bbg  "", ""Bbb   gbgBbb    "", ""      b bbggB   "", ""    Bgb   b     "", ""     gbb bgB    "", ""   gbb b b      "", ""   b   BbgB     "", "" Bbb    b       "", ""        b       ""]"
catalog-743,743,Battery,cybermg,3,24,See: Dizziness,8,6,up,0,"[10, 0, 0, 0, 0]","[""gbbbbbbbbgbbbg"", ""b            b"", ""bgbbbbbbg    b"", ""bb      b    b"", ""bb      b    b"", ""gg     gg   gg"", ""       gbbG b "", ""ggggggg     b "", ""grrrrrrbbbbbg "", ""ggggggg       ""]"
catalog-838,838,"Push, Pop, and Peek",snydej,4,12,red/blue columns recall the first element on the stack without removing it,9,0,right,0,"[5, 10, 10, 5, 5]","[""   GB  B     BBR"", ""   BB  B     BBR"", ""   BBGRB     BBR"", ""   BBBRB     BBR"", ""   BBBRB GR  BBR"", ""GBRBBBRB BR  BBR"", ""BBRBBBRB BR  BBR"", ""BBRBBBRBGBRBRBBR"", ""BBRBBBRBBBRBRBBR"", ""gRRGRGRRGGRRRRRR""]"
catalog-953,953,Equal Ends,markbyers,4,12,,0,0,down,0,"[5, 5, 5, 5, 5]","[""bBBgrgrBBB      "", ""GGrrbrrrbrbrGG  "", ""GGGbrbbrrGGG    "", ""BrB             "", ""RRRRRRbggRRRRRR "", ""RbgR            "", ""GGGGrrrbrbbbGGGG"", ""BBrgrggrBB      "", ""BBBBrrgggBBBB   "", ""RRgbgbgbbggbbRR "", ""GbbbrrbrG       "", ""RRRbbbgbgbggbRRR""]"
catalog-1097,1097,Spiral,user137,2,84,Something too much...,1,1,right,0,"[3, 3, 0, 0, 0]","["" r       r "", ""gbbbbgbbbBg"", ""         b "", "" BbbgbbB b "", "" b     r r "", "" r BbbbB b "", "" b       b "", ""gBbbbgbbbBg"", "" r       r ""]"
catalog-1230,1230,A viewpoint on tree,evko,4,12,,11,0,right,0,"[5, 5, 5, 5, 0]","[""            R R "", ""          R GBGR"", ""        R B B   "", ""      R B GBGBR "", ""    R B B B     "", ""    B B GBGBBR  "", ""  B B B B       "", ""  B B GBGBBBR   "", ""  B B B         "", ""  B GBGBBBBR    "", ""  B B           "", ""bbGBGBBBBBR     ""]"
catalog-1538,1538,Chromatic Convolution,axorion,3,24,Remember which way to turn until you get to the corner. ,2,0,down,3,"[4, 4, 2, 2, 0]","[""B bbrbb bbbgbbb"", ""b b   r b     b"", ""bbbbbgbbbbbbb b"", ""b b b   b   g b"", ""b r g b r Bgb b"", ""b b b   b b   g"", ""g b bbbbbbbbb b"", ""b b     b b r b"", ""b bbbrbbb brb b"", ""b             b"", ""bbbbbbbgbbbbbbb""]"
catalog-1550,1550,Stack & Crawl,axorion,3,12,Inspired by kraker,7,0,right,0,"[5, 10, 10, 0, 0]","[""        R    G  "", ""      RRBR  GBG "", ""   G RBBBBRGBBBG"", ""  GBG RRBR  GBGg"", "" GBBBG RBRr GBBB"", ""  GBGg RBBBBBR g"", ""r GBBBBBG rRBR  "", ""bBBR gGBG RBBBR "", ""rRBR  GBGG RBR  "", ""RBBBRGBBBBG R   "", "" RBR  GBGG      "", ""  R    G        ""]"
catalog-1561,1561,Weave II,keba,2,24,Challenge mode: don't use F3,5,5,right,0,"[10, 5, 5, 0, 0]","[""GG bbG bbG "", ""bRRRRRRRRRb"", "" R R R R Rb"", ""GRRRRRRRRRG"", ""bR R R R R "", ""bRRRRrRRRRb"", "" R R R R Rb"", ""GRRRRRRRRRG"", ""bR R R R R "", ""bRRRRRRRRRb"", "" Gbb Gbb GG""]"
catalog-1562,1562,Moat,kraker,3,24,,5,5,right,0,"[3, 6, 0, 0, 0]","[""gbbbbbbbbbbG"", ""bbbGbbbbbbbB"", ""bb Bb  b  bB"", ""bb Bbbbbb bB"", ""bb Bbbbbb bB"", ""bb BGbbgb bB"", ""bb Bbbbbb bB"", ""bb B      bB"", ""bbbBbbbbbbbB"", ""gbbBbbbbbbbG""]"
catalog-1901,1901,Huh? Part 5,sungjin,3,12,Is it simple?,4,0,right,0,"[4, 5, 6, 0, 0]","[""  BbB BbB BbB B "", ""  b b b b b b rb"", ""  BrB BrB BrB  g"", ""   g   g   g   g"", ""bbbRbbbRbbbRbbbR""]"
catalog-1977,1977,Triquarter,axorion,4,12,Don't you just love Star Trek technobabble.,11,5,left,5,"[10, 6, 6, 0, 0]","[""BbbbbbbbbbbB"", ""bBbbbbbbbbBb"", ""bbBbbbbbbBbb"", ""bbbBbbbbBbbb"", ""bbbbBbbBbbbb"", ""bbbbbBBbbbbb"", ""bbbbbB     b"", ""bbbbBb     b"", ""bbbBbb     b"", ""bbBbbb     b"", ""bBbbbb     b"", ""BbbbbbbbbbbR""]"
catalog-1998,1998,Modulus,sticky,3,12,,0,0,right,1,"[10, 10, 5, 5, 0]","[""bbbbrbbbbbbgbbb"", ""              b"", ""gbbbrbbbbbgbb b"", ""b           b r"", ""b bbbbrbgbb b b"", ""b g       r r b"", ""b r G     b b b"", ""b b bgbbrbg g b"", ""r b         b b"", ""b gbbbbrbbbbb b"", ""b             g"", ""bbgbbbbbbrbbbbb""]"
catalog-2007,2007,Square Algorithme,kraker,4,12,remember: (n+1)^2-n^2=2n+1,10,1,down,4,"[5, 10, 10, 5, 0]","[""    GbbbbbB     "", ""    bGbbbbbbbbbG"", ""   BbbGbbbbbbbGb"", ""   bbbbGbbbbbGbb"", ""   bbbbbGbbbGbbb"", ""   bbbbbbGbGBbbb"", ""gbbbbbbbbbbbBbbb"", ""b Bbbbbbbb b bbb"", ""GbbbbbbbbbbG bbB"", ""  bbbbbbbGbbbGb "", "" bbbbbbbGbbbbbG "", ""grrrrrrrR       ""]"
catalog-2170,2170,Lorem Ipsum,sticky,3,24,"Move 5, Add 5",6,0,down,0,"[3, 5, 3, 0, 0]","[""gbRg            "", ""R  b bbbbbbbbbRb"", ""b  b b         b"", ""gRbRbg     gRg b"", ""   b       b b b"", ""  gbbbbbbbbb b b"", ""b gg         R R"", ""b    bbbbbb  b b"", ""b Rb b    b  b b"", ""b  gbg    gbbg b"", ""b              b"", ""bbRRbbbbbbbbbbbb""]"
catalog-2182,2182,1/3 Jacked Up,axorion,3,24,Paint the blue tiles red. Stack the paint path. Use the stack for green. Repeat.,1,5,right,1,"[2, 10, 0, 0, 0]","[""BBBBBBBBBB    BB"", ""BBBBBbBBBBG   BB"", ""         GG   BB"", ""         GG   BB"", ""         GG   BB"", ""         GG   BB"", ""         GGRRRRB"", ""         GG   BB"", ""         GG   BB"", ""         GG   BB"", ""         GG   BB"", ""         GG   BB""]"
catalog-2238,2238,Maxima,smylic,4,12,,11,10,right,0,"[5, 5, 5, 0, 0]","[""RGGGGGGGGGGGB R "", ""     RGGGGGGB G "", ""           RB GR"", ""BBBBBBBBBBBBB GG"", ""GGRGGB R    BRGG"", ""GGRGGB GR   BGGG"", ""GGRGGBRGG   BGGG"", ""GRGGGBBBB BBBBBB"", ""R  GRBRR  BGGR  "", ""   RGBGGR BGGGGR"", "" BBBBBBBB BGR   "", "" RRRBGGGR bGGR  ""]"
catalog-2333,2333,Mask,jaex,3,12,,0,0,down,0,"[5, 5, 5, 5, 0]","[""r rrrBr  bBbbb b"", ""r B   r  b   B b"", ""r gBg r  b bBb b"", ""B g B r  b B b B"", ""gggBg r  b bBbbb"", ""  g   r  b   b  "", ""rBg   r  b   bBb"", ""B B r B  B b B B"", ""rBr r gbbb b bBb"", ""    r      b    "", ""    b g  b b    "", ""    gggbbbbb    ""]"
catalog-2551,2551,The star is very high,anton_s,2,24,,8,0,right,0,"[4, 4, 4, 5, 0]","[""              rR"", ""              g "", ""          rrr g "", ""          g g g "", ""      rrr g b g "", ""      g g g b g "", ""  rrr g b g b g "", ""  g g g b g b g "", ""bbg gbg gbg gbg ""]"
catalog-2665,2665,Back to Basics,axorion,3,12,Learning to copy.,10,0,right,0,"[7, 7, 0, 0, 0]","[""brrrrrb Bbbbb"", ""r     r     b"", ""r brb r bbb b"", ""r r r r b b b"", ""brrrb r bbbbb"", ""  g   g   b  "", ""brrrb b bbbbb"", ""r r r b b b b"", ""brb r b bbb b"", ""    r b     b"", ""rrrrb bbbbbbb""]"
catalog-2841,2841,Loose Ends IV,kraker,3,12,"just whirl the first circle, the rest will be given unto you",11,0,right,4,"[2, 6, 0, 0, 0]","[""gbbrbbrbbrbbrbbg"", ""b              b"", ""b     R        b"", ""b     RRRbbRR  g"", ""g     b    b   b"", ""b  gbbbgbbbgR  b"", ""b  g  R        b"", ""b  b  R        g"", ""g  b RRbbbbR   b"", ""b  b R         b"", ""rbbg           b"", ""bbbrbbrbbrbbrbbg""]"
catalog-2851,2851,Unusual cross,anton_s,3,24,It´s not complicated.,6,8,right,0,"[6, 4, 0, 0, 0]","[""    RGR    "", ""   RBBBR   "", ""   RBBBR   "", "" RRRBBBRRR "", ""RBBB B BBBR"", ""GBBBBBBBBBG"", ""RBBB B BbBR"", "" RRRBBBRRR "", ""   RBBBR   "", ""   RBBBR   "", ""    RGR    ""]"
catalog-2931,2931,Tree IV,smylic,4,12,,11,7,up,2,"[5, 10, 0, 0, 0]","[""BBRBB          B"", ""  B            B"", ""  B     BBBBRBBR"", ""  B         B  B"", ""  B         B  B"", ""  RBBBBRBBBBR   "", ""  B    B    B   "", ""B B    B    B B "", ""B B  B B B  B B "", ""RBRBBR B RBBRBR "", ""B    B B B    B "", ""B      r     BRB""]"
catalog-3009,3009,Regular Ant,kraker,3,12,... or robozzle nightmare ...,1,7,up,7,"[6, 6, 0, 0, 0]","[""       BB  "", ""      BbBB "", ""      BBBBB"", ""      BBBBB"", ""     BBBBB "", ""    BBBBB  "", ""   BBBBB   "", ""  BBBBB    "", "" BBBBB     "", ""BBBBB      "", ""BBBB       "", "" BB        ""]"
catalog-3197,3197,gm006 revisited,azure,3,12,"Same as puzzle 2768, but with limited steps which makes it interesting.",1,0,right,0,"[6, 0, 0, 0, 0]","[""BB"", ""bB"", "" R""]"
catalog-3240,3240,Selective Manufacturing,benjaminrr,3,12,,11,0,up,0,"[5, 5, 5, 7, 10]","[""R              B"", ""g       R  B   b"", ""g  R    g  b   b"", ""gR g    g  b   b"", ""gg g   Rg  b   b"", ""gg g   ggR b   b"", ""ggRg   ggg b  Bb"", ""ggggR  ggg b Bbb"", ""ggggg  ggg b bbb"", ""gggggR ggg b bbb"", ""ggggggRggg bBbbb"", ""rrrrrrrrrrbbbbbb""]"
catalog-3555,3555,Dual,denisb,3,12,,0,4,down,0,"[4, 4, 3, 0, 0]","[""   RbR     "", ""   bRR     "", ""   b    GGG"", ""RbbbR   G G"", ""RbbbbbbbR G"", ""   bb    GG"", ""   bb    G "", ""   bb    G "", ""   RR    b "", ""         G ""]"
catalog-3682,3682,Newton's Third,axorion,3,12,"You know, equal and opposite.",5,0,right,0,"[6, 9, 9, 9, 9]","[""R   B           "", ""bR BbR  B       "", ""bbRbbbRBbR B    "", ""bbbrbbbrbbRbRB  "", ""bbbbrbbbrbbrbrR "", ""bbbbbbbbbbbbbbbB"", ""gbbbbgbbbgbbgbG "", ""bgbbbbgbbbGbBG  "", ""bbGbbbBGbB G    "", ""bB GbB  G       "", ""B   G           ""]"
catalog-3837,3837,Whirled Domination,axorion,3,12,Well of course it isn't easy.,8,3,right,4,"[8, 8, 6, 6, 0]","["" RbRbbGggGgG "", ""   R     G   "", ""   b     g   "", ""RbbR     GggG"", ""b  b     g  g"", ""b  b     g  g"", ""b  b     g  g"", ""b  b     g  g"", ""RbbrbR GgGggG"", ""b  R     G  g"", ""R           G""]"
catalog-4119,4119,Mitigated Spiral ,axorion,3,12,,3,3,down,0,"[7, 3, 0, 0, 0]","[""rbbbbbr        "", ""brbbbrb  bbbbbb"", ""bbrbrbb  b    b"", ""bbbbbbb  b Bb b"", ""bbbrrbb  b  b b"", ""bbrbbrb  bbbb b"", ""brbbbbr       b"", ""rbbbbbbbbbbbbbb""]"
catalog-4228,4228,Remainders,axorion,3,12,"8/3, 11/5, 12/8, 14/11",11,0,right,4,"[10, 7, 7, 4, 4]","[""rbbB            "", ""b               "", ""b               "", ""rbbbB           "", ""b               "", ""b               "", ""rB              "", ""b               "", ""rbB             "", ""b               "", ""b               "", ""gbbbbbbbrbbrrbrB""]"
catalog-4289,4289,+,denisb,2,24,,0,0,down,0,"[5, 5, 5, 5, 0]","[""bBBBBBBBBBBBBBBG"", ""BBBBBBBBBBBBBBBG"", ""BBBBBBBBBBBBBBBG"", ""BBBBBBBBBBBBBBBG"", ""BBBBBBBBBBBBBBBG"", ""BBBBBBBBBBBBBBBG"", ""BBBBBBBBBBBBBBBG"", ""BBBBBBBBBBBBBBBG"", ""BBBBBBBBBBBBBBBG"", ""BBBBBBBBB       "", ""BBBBBBBBB       "", ""GGGGGGGGB       ""]"
catalog-4291,4291,Accumulation,cowans,3,12,,0,3,left,0,"[7, 7, 7, 4, 0]","[""rgbrG           "", ""rggrGGG         "", ""rgbrGGGG        "", ""rbbrGGGG        "", ""rggrGGGGGG      "", ""rgbrGGGGGGG     "", ""rgbrGGGGGGGG    "", ""rggrGGGGGGGGGG  "", ""rbbrGGGGGGGGGG  "", ""rgbrGGGGGGGGGGG "", ""rbbrGGGGGGGGGGG "", ""rgbrGGGGGGGGGGGG""]"
catalog-4519,4519,Triangles,shaggy12,3,12,Two functions - one for each side,11,0,right,4,"[10, 10, 0, 0, 0]","[""rbbbbbbbbbbbbbrg"", "" BB         BB b"", ""  BB       BB  b"", ""   BB     BB   b"", ""    BB   BB    r"", ""     BB BB    Bb"", ""      BBB    BBb"", ""    B  B    BB b"", ""   BBB       BBb"", ""  BB BB       Bb"", "" BB   BB       r"", ""rbbbbbbbrbbbbbbg""]"
catalog-4593,4593,Image Copier,carykh,3,12,Copy the image.,11,1,up,0,"[10, 10, 10, 10, 10]","[""bbbbbbbbbbbbbbbb"", ""brrrrrrbbGGGGGGb"", ""brgrrrgbbG GGG b"", ""brrrgrrbbGGG GGb"", ""brrrrrrbbGGGGGGb"", ""brrrrrgbbGGGGG b"", ""brrgrrrbbGG GGGb"", ""bgrrrgrbb GGG Gb"", ""brrrrrrbbGGGGGGb"", ""brgrgrgbbG G G b"", ""brrrrrrbbGGGGGGb"", ""bbbbbbbbbbbbbbbb""]"
catalog-4607,4607,Marked Bridges Reverse,qinn,3,12,Luckily there's a big bridge in the middle..,6,1,up,0,"[7, 7, 7, 4, 0]","["" r r r r r r r r"", "" b b bBg b b b b"", "" bBg b b b b b b"", "" b b b bBg b b b"", ""Bg b b b b b b b"", "" b b b b b bBg b"", "" bbbbbbbbbbbbbbb"", "" b b b b b b b b"", "" b b b b b b bBg"", "" b bBg b b b b b"", "" b b b b bBg b b"", "" r r r r r r r r""]"
catalog-4689,4689,Limitations,masterluk,2,12,,2,0,right,0,"[3, 4, 3, 0, 0]","[""bBBBBBBBb"", ""B       B"", ""bRRGGGRRb""]"
catalog-4741,4741,Snake,darkchowder,3,12,Comeback Recursion,9,1,up,0,"[8, 0, 0, 0, 0]","[""        gbbbg"", ""rbr rbr b   b"", ""b b b b b   b"", ""rBb b b r   b"", ""  rbr rbr   g"", ""            b"", "" rbr rbr rbbr"", "" b b b b b   "", "" b b b b b   "", "" b rbr rbr   ""]"
catalog-4868,4868,Offset,axorion,3,12,,11,2,up,0,"[10, 7, 4, 7, 4]","[""gbbbbbbbbbbbbbbg"", ""b              g"", ""b gbbbbbbbbbbg g"", ""b b          g g"", ""b b gbbbbbbg g g"", ""b b b   B  g g g"", ""b b rbb gggg g g"", ""b b   b      g g"", ""b rbb gggggggg g"", ""b   b          g"", ""rbb gggggggggggg"", ""  b             ""]"
catalog-7250,7250,Bumfuzzled ,axorion,3,12,,10,0,up,0,"[8, 4, 3, 3, 0]","[""RRRRRR        "", ""B    R        "", ""BBRRRRRR      "", ""BB B   R      "", ""BB BBRRRRR    "", ""BB BB B  R    "", ""BB BB BBRRRR  "", ""BB BB BB B R  "", ""BB BB BB BBRRR"", ""BB BB BB BB BR"", ""bBBBBBBBBBBBBR""]"
catalog-8498,8498,Quadro Floptical,axorion,3,12,,6,3,left,0,"[4, 6, 4, 6, 0]","["" rbbbbbBgbbbbbB "", "" b            b "", "" b    rrBB    b "", ""rbbbbbbrBbbbbbbB"", ""rr    b  b    BB"", ""      b  b      "", "" rbbb b  b BbbB "", "" b    b  b    b "", "" b    b  b    b "", ""rbbbbbr  BbbbbbB"", ""rr            BB""]"
catalog-8742,8742,666,axorion,3,12,,4,3,left,0,"[6, 6, 6, 0, 0]","[""       rbbbbbbbb"", ""       g       g"", ""bggggg g bgggg g"", ""b    r g b   r g"", ""b gr r g b G r g"", ""b g  r g b bbr g"", ""b bbbr g b     g"", ""b      g rrrrrrg"", ""rrrrrrrg        ""]"
catalog-9132,9132,Linked Squares,drmazhar,3,12,Happy Time,9,13,left,0,"[8, 6, 8, 0, 0]","[""BBB          BBB"", ""B gbbbbbbbbbbr B"", ""BrB          BBB"", "" b      BBB     "", "" b  BBB B B     "", "" b  B B BrB BBB "", "" b  BrB  b  B B "", "" b   b   b  BrB "", "" b   b   b   b  "", ""Bbbbbbbbbbbbbb  ""]"
catalog-9194,9194,Backup & Restore,drmazhar,3,12,"Doctor Mazhar's advice ""Store steps with red&blue then restore them with green""",4,10,left,4,"[6, 3, 5, 0, 0]","[""GGGGG RBBBR    "", ""GGGGG BRBRB    "", ""GGGGGgBBBRB    "", ""GGGGG BRBBR    "", ""bGGGG RBBBb    "", ""b           RBR"", ""BBBBR GGGGrbgRB"", ""RBBRB GGGGG RRB"", ""BRBBBgGGGGG   g"", ""BRBRB GGGGG GGG"", ""RBBBR GGGGG GGG"", ""            GGG""]"
catalog-9676,9676,Red Light,dh915,2,12,,3,0,right,0,"[5, 5, 5, 0, 0]","[""   GbbR   "", ""   b  b   "", ""   b  b   "", ""gbbR  GbbR"", ""b        b"", ""b        b"", ""RbbG  RbbG"", ""   b  b   "", ""   b  b   "", ""   RbbG   ""]"
catalog-9835,9835,LOOP,boby,2,12,,11,0,right,0,"[4, 6, 0, 0, 0]","[""BBBBBRBBBBBBBBBB"", ""B              B"", ""B GBBBBRBBBBBB B"", ""B B          B B"", ""R B GBBBBBBG B B"", ""B B GBBBBBBB B R"", ""B B        B B B"", ""B GBBBRBBBBB R B"", ""B            B B"", ""BBBBBBBBRBBBBB B"", ""               B"", ""bBBBBBBBBBRBBBBB""]"
catalog-10467,10467,e,ethio992,2,24,,3,2,right,0,"[4, 5, 0, 0, 0]","[""RBBBBR"", ""B    B"", ""B    B"", ""BGbBBR"", ""B     "", ""B     "", ""RBBBBG""]"
catalog-10479,10479,Dispersion (Version 2),drmazhar,2,12,"Dr Mazhar's advice "" I think this puzzle is a hint for Dispersion version 1""",11,0,right,0,"[2, 3, 2, 2, 0]","[""  rbrbbrbbrbr"", ""  b         b"", ""  r rbrrrbr b"", ""  b r     b r"", ""  b r   B r b"", ""  r r   b b b"", ""  b b   b r b"", ""  r rrrrr r b"", ""  b       b r"", ""  rbrrrbbbr r"", ""            b"", ""bbbrbrbbrbbbr""]"
catalog-10551,10551,Line of symmetry.,drmazhar,3,12,Happy time Dr Mazhar,5,13,left,0,"[9, 6, 2, 4, 0]","[""        G     "", ""     B BBB    "", ""  G  B BBBG   "", ""GBB  BGBBBBB  "", ""BBBBGBBBBBBBG "", ""RRRRRRRRRRRRRr"", ""BBBGBBBBBBBBB "", ""BGB  BBBBBBG  "", ""  B  B BBBB   "", ""     G GBG    "", ""        B     ""]"
catalog-10840,10840,Turn on not blue II,drmazhar,3,12,"Dr Mazhar's advice""After Red remember what you did.""",6,7,right,4,"[5, 3, 0, 0, 0]","[""    GBBBBBBBG   "", ""    B   B   B   "", ""BBBBBBBBBBBBB   "", ""GBBBBBBBGBB B   "", ""B   B   B B B   "", ""B GBBBRBBBB B   "", ""B B B  bBBBBBBBG"", ""B GBBBBBGBBBB  B"", ""GBBBBBBBBBBBG  B"", ""B   B   B      B"", ""BBBBBBBBB      B"", ""    GBBBBBBBBBBG""]"
catalog-11270,11270,Dual purpose (Version 2),drmazhar,3,12,"Dr Mazhar's advice""One stack can be used for dual purpose.""",11,8,up,0,"[2, 5, 2, 0, 0]","[""BBBBBBBGBBBBBBR"", ""B BBBBBGBBBBR B"", ""B B BBBGBBR B B"", ""B B B BGR B B B"", ""B B B B B B B B"", ""B B B B B B B B"", ""B B B B B B B B"", ""B B B B B B B B"", ""B B B B B B B B"", ""B B B B B B B B"", ""B B B B B B B B"", ""BBBBBBBBgBBBBBB""]"
catalog-11283,11283,Some Changing,drmazhar,2,12,"Dr Mazhar's advice""Copy then change while pasting.""",2,11,right,0,"[5, 5, 0, 0, 0]","["" B       RBBBBR"", "" BBBBBB  B    B"", "" B B B   B bR B"", "" B BBB   B  B B"", "" BBBBB   RBBR B"", "" B   B        B"", ""BBBBBBBGBBBBBBR""]"
catalog-12368,12368,Preparations III,drmazhar,2,12,"Dr Mazhar's Advice""Count only for number of turns.""",11,0,right,0,"[5, 5, 2, 0, 0]","[""gbbbbbbbbbbbbbbg"", ""b              b"", ""b gbbbbbbbbbbg b"", ""b b          b b"", ""b b gbbbbbbg b b"", ""b b b      b b b"", ""b b b gbbg b b b"", ""b b b b  b b b b"", ""b b b b  b b b b"", ""gbg gbg  B gbg b"", ""               b"", ""bbrbbbrbbbrbbbbg""]"
catalog-12384,12384,"""2X"" Or ""X+1""",drmazhar,3,12,"Happy Time ""Dr Mazhar""",11,0,right,2,"[3, 5, 3, 0, 0]","[""bbbbbbbbbbgbbbbb"", ""b              b"", ""b bbbbbbrbbbbb b"", ""g b          b b"", ""b r bbbbrbbb b b"", ""b b B      b b b"", ""b b        g r r"", ""b bbbgbbbbbb b b"", ""b            b b"", ""bbbbbbrbbbbbbb b"", ""               b"", ""bbbbbgbbbbbbbbbb""]"
catalog-12530,12530,Gate at the half,drmazhar,3,12,"""Good Luck"" Dr Mazhar",6,0,up,0,"[9, 3, 4, 0, 0]","[""R           R   "", ""B       R   B   "", ""B   R   B   B   "", ""BBB B   B   B   "", ""B B B   BBB BBB "", ""B B BBB B B B B "", ""b B B B B B B BB"", ""  BBB BBB BBB B "", ""  B   B   B   R "", ""  B   R   B     "", ""  B       B     "", ""  R       R     ""]"
catalog-12562,12562,Colorful path,dstroy,3,12,,11,0,up,0,"[10, 0, 0, 0, 0]","[""bgrgrbgbrgg"", ""b         b"", ""g gbrgbrr g"", ""r g     b r"", ""g b rgB r b"", ""b r r   g r"", ""r b b   b g"", ""g r ggrgb b"", ""b g       r"", ""r bbrgbrbgr"", ""g          "", ""b          ""]"
catalog-12600,12600,Zero Stack (Version 3),drmazhar,2,12,"Dr Mazhar's advice"" Think Without Stack """,6,7,right,0,"[4, 3, 2, 0, 0]","[""      G         "", ""    GBB  G      "", ""  G  BBRBB  G   "", ""GBB  G  BBGBB   "", "" BBRBB  R  BBG  "", "" G  BBRBB  R    "", ""    G  bBRBB  G "", ""  GBB  R  BBRBB "", ""   BBRBB  R  BBG"", ""   G  BBGBB  G  "", ""      G  BBG    "", ""         G      ""]"
catalog-13329,13329,Iteration,group1_uic,1,36,,1,0,up,7,"[4, 7, 7, 0, 0]","[""bbb bbb bbb bbb"", ""b b b b b b b B"", ""  g g g g g g  "", ""  ggg ggg ggg  ""]"
catalog-13909,13909,Puzzle 4,engr101_f21_g2,2,12,Function calls and iteration.,0,0,right,0,"[5, 4, 5, 0, 0]","[""bbbB          "", ""  GbbB        "", ""  bBGbbB      "", ""    bBGbbB    "", ""      bBGbbB  "", ""        bBGbbB"", ""          bBGb"", ""            bB""]"
catalog-472,472,Elevator,rafaelromao,3,429,,1,0,down,0,"[2, 2, 2, 3, 3]","[""BB"", ""bB"", ""BB"", ""BB"", ""BB"", ""BB"", ""BB"", ""BB"", ""BB"", ""BB"", ""BG"", ""BB""]"
catalog-27,27,Stairs,,1,7420,,9,0,right,0,"[10, 0, 0, 0, 0]","[""         BB"", ""        BB "", ""       BB  "", ""      BB   "", ""     BB    "", ""    BB     "", ""   BB      "", ""  BB       "", "" BB        "", ""bB         ""]"
catalog-2309,2309,tubes,anton_s,2,83,,10,14,up,0,"[4, 4, 3, 0, 0]","[""BrrrrrrrrrrrrrB "", ""r             r "", ""r ggggggggggggrg"", ""r g           r "", ""BrgrB         r "", ""  g r         r "", ""BrgGGGGGGGGGGGrg"", ""r g r         r "", ""r g r         r "", ""BrgrrB        r "", ""  g rr        r "", ""bbgbBBbbbbbbbbbb""]"
catalog-931,931,Unmarked Turn Spiral 1,markbyers,2,59,,0,12,down,0,"[5, 5, 0, 0, 0]","[""gbbbbbbbbbbbg"", ""            b"", ""  gbbbbbbbg b"", ""  b       b b"", ""  b gbbbg b b"", ""  b b   b b b"", ""  b b B b b b"", ""  b b bbg b b"", ""  b b     b b"", ""  b gbbbbbg b"", ""  b         b"", ""  bbbbbbbbbbg""]"
catalog-777,777,Skip The Hole,markbyers,2,47,,1,0,right,1,"[10, 5, 0, 0, 0]","[""BBBBBBBBBBBBBB B"", ""bbbbbbbbbbbbbbbb""]"
catalog-1083,1083,Chess Knight,ngen,2,35,,7,0,up,0,"[2, 6, 6, 3, 0]","[""           GGG  "", ""        GGGR Gbb"", ""        R rr   B"", ""       RR       "", ""    GGGr        "", "" GGGr RR        "", "" R RR           "", ""rR              ""]"
catalog-2622,2622,A bit green in the puzzle,anton_s,2,35,,2,2,right,2,"[8, 0, 0, 0, 0]","[""BRRRRRRRRRRRRRRB"", ""R              R"", ""R rRRRRRRRRRRRRB"", ""R R R R R R R R "", ""R R R R R R R R "", ""R R R R R R R R "", ""R R R R R R R R "", ""R R R R R R R R "", ""R R R R R R R R "", ""R R R R R R R R "", ""R R R R R R R R "", ""BRB BRB BRB BRB ""]"
catalog-3111,3111,Hypotenuse,slicertool,2,35,,6,1,right,0,"[4, 3, 0, 0, 0]","[""Gr     "", ""brr    "", ""b rr   "", ""b  Rr  "", ""b   rr "", ""B    rr"", "" bbbbbG""]"
catalog-276,276,Flood fill,abhishikt,3,93,Recolor the whole square :),2,7,right,1,"[5, 4, 0, 0, 0]","[""     BBBB      "", ""     BBBB      "", ""     BBbB      "", ""     BBBB      "", ""               "", ""               "", "" gg  g    g   g"", ""g  g ggg  ggg  "", ""gggg g g  g g g"", ""g  g ggg  g g g""]"
catalog-355,355,Three Color Waveform,snydej,3,23,,0,7,down,0,"[10, 10, 5, 5, 0]","[""   BbbrrrggG   "", ""BbbbbrrrrrggggG"", ""   BbbrrrggG   "", ""   BbbrrrggG   "", ""BbbbbrrrrrggggG"", ""      BrG      "", ""BbbbbrrrrrggggG"", ""   BbbrrrggG   "", ""      BrG      "", ""   BbbrrrggG   "", ""BbbbbrrrrrggggG"", ""BbbbbrrrrrggggG""]"
catalog-835,835,Hangman,beaza,3,23,"applies recursion, function reuse, and shimmying",11,0,up,0,"[4, 5, 5, 0, 0]","[""ggggggggggg     "", ""b         G     "", ""b         r     "", ""b        rrr    "", ""b         r     "", ""b        BgB    "", ""b       b b b   "", ""b         b     "", ""b        b b    "", ""b       b   b   "", ""b               "", ""gggggggggggggggg""]"
catalog-989,989,Counting - Last Sequence,markbyers,3,23,The red sequence is the same length as the last green or blue sequence.,0,0,right,0,"[5, 5, 5, 5, 5]","[""ggbbbbbbbrrrrrrr"", ""               g"", ""rggbgbggggbgbr b"", ""r            g g"", ""r rgbbgbggbr g g"", ""b r        b b g"", ""b g Rrrgggbr b g"", ""b g          g r"", ""g rrrrggggbgbr r"", ""g              r"", ""rrrgggbbgbbbggbr""]"
catalog-1135,1135,One Side,sticky,3,23,Count blues on one half,11,7,right,1,"[6, 5, 5, 5, 5]","[""  B       GBBG  "", ""  B       G  B  "", ""GRBRRRRRRRRB B  "", ""GGR          B  "", ""  R      RGG RGG"", ""  B        B B B"", ""  R        B R B"", ""BBBBRRBRBRBG B B"", ""  R G        R B"", ""  GBG        B B"", ""               B"", ""BBBBBBBrBBBBBBBG""]"
catalog-1180,1180,Emerald Omission II,axorion,3,23,At least one solution will also solve the original Emerald Omission.,0,0,right,2,"[3, 5, 0, 0, 0]","[""rbbbbbbbbbbbr  "", ""            b  "", ""  gbbbg   gbbbg"", ""  b   b   b b b"", ""  b  rg   b gbg"", ""  b  b    b    "", ""gbr  b    b    "", ""b    b    b    "", ""bbbr b    b    "", ""   B b    b    "", ""    gbbbbbr    "", ""    gg         ""]"
catalog-1203,1203,One Function Challenge,wallacoloo,3,23,"turn left on green, turn around on red.",10,1,right,0,"[10, 0, 0, 0, 0]","[""           R   "", ""           g   "", ""           g R "", ""      RbbbbG g "", ""      b    b g "", ""      b    GbG "", ""      b    g b "", ""    RbGbbbbG b "", ""      b      b "", ""      b      b "", ""GbbbbbGggggggGR"", ""R              ""]"
catalog-1283,1283,Green Strayer,foerno,3,23,blue means no go.,7,15,up,0,"[9, 5, 5, 0, 0]","[""Rrbbbbbbbbbbbbbr"", "" b g b g b g g b"", ""   b   R   b b b"", ""   b       b b b"", ""   b       b b b"", ""   b       b R b"", ""   R       b   b"", ""           R   b""]"
catalog-2998,2998,Crawler Stacker,geniussavant,3,23,The name says it all!,0,0,down,7,"[2, 7, 0, 0, 0]","[""bG              "", ""bG   bbbbbbbbbbR"", ""bG   bG GR    Gb"", ""bG   Rbbbb    Gb"", ""bG            Gb"", ""Rbbbbbbbbbbbbbbb""]"
catalog-3118,3118,Domesticated Ant,kraker,3,23,solve the stem and receive the flower as bonus,11,0,right,5,"[4, 3, 3, 0, 0]","[""          RR    "", ""         RrrR   "", ""        RrrrrR  "", ""       RrrrrrrR "", ""      RrrrrrrrrR"", ""   bgggggggrrrrR"", ""   g  RrrrrrrrrR"", "" rgrgr RrrrrrrR "", "" g g g  RrrrrR  "", "" rgggr   RrrR   "", ""   g      RR    "", ""gggr            ""]"
catalog-5120,5120,Happy New Year 2015,kirua13390,2,23,,8,0,right,0,"[10, 0, 0, 0, 0]","[""rrrggg  brrrr   "", ""r rg g bbr      "", ""r rg gb br      "", "" rrg g  brrrr   "", ""r  g g  b  GBBBG"", ""r  g g  b  BGBGB"", ""rrrggg  b  BGRBB"", ""           GBBGB"", ""bbbbbbbbbbbRBBBB"", ""         rrrr   ""]"
catalog-10437,10437,"checkers, but with a twist",sueno1,2,23,what color to turn it...?,11,14,up,7,"[5, 0, 0, 0, 0]","[""RBBBBBBBBBBBBBG"", ""Bg g g g g g gB"", ""B r r r r r r B"", ""Bg g g g g g gB"", ""B r r r r r r B"", ""Bg g g g g g gB"", ""B r r r r r r B"", ""Bg g g g g g gB"", ""b r r r r r r B"", ""bg g g g g g gB"", ""B r r r r r rBB"", ""GBBBBBBBBBBBBBr""]"
catalog-11271,11271,Impawssible,codeKameleon,2,23,,1,0,right,0,"[3, 5, 0, 0, 0]","[""B            "", ""bbbbbbbbbbbbR""]"
catalog-1251,1251,Big plus,beko,2,183,,4,4,left,1,"[2, 5, 0, 0, 0]","[""    G    "", ""    B    "", ""    B    "", ""    B    "", ""GBBBbBBBG"", ""    B    "", ""    B    "", ""    B    "", ""    G    ""]"
catalog-1844,1844,Snake,flyingdutchman,2,80,Go for it,0,1,right,1,"[5, 3, 0, 0, 0]","[""Gggggggggggggggb"", ""               g"", ""bggggggggggggb g"", ""g            g g"", ""g bggggb     g g"", ""g g    g     g g"", ""g g  rgggr   g g"", ""g g  g g g   g g"", ""g g  rGrgr   g g"", ""g bggggggggggb g"", ""g              g"", ""bggggggggggggggb""]"
catalog-1539,1539,arbitrary counting,lcurtne,2,57,"if you can count, is this easy?",5,0,right,1,"[4, 4, 0, 0, 0]","[""     bgbb       "", ""     b  b       "", ""     b  g       "", ""     b  b       "", ""     b  b       "", ""bbbbgbbbb       "", ""     b          "", ""     b          "", ""     b          "", ""     bbbbbbgbbbB""]"
catalog-2614,2614,Big colourful spiral,anton_s,2,34,,11,14,left,0,"[6, 4, 0, 0, 0]","[""GBBBBBBBBBBBBG "", ""BRRRRRRRRRRRRB "", ""B            B "", ""B GBBBBBBBBG B "", ""B BRRRRRRRRB B "", ""B BGBBBBBBBG B "", ""B B          B "", ""B BRRRRRRRRRRB "", ""B GBBBBBBBBBBG "", ""B              "", ""BRRRRRRRRRRRRRR"", ""GBBBBBBBBBBBBBb""]"
catalog-115,115,Boxes with little corruptions,evko,3,79,,6,0,up,0,"[8, 3, 3, 0, 0]","[""          rrrrR"", ""          rrrrr"", ""     ggg Gr rrr"", ""     ggggg     "", ""bbbbBggggg     "", ""bbb b          "", ""bbbbb          ""]"
catalog-898,898,Secret Code,matchu,3,45,But what does it _mean_?,11,1,up,0,"[4, 4, 0, 0, 0]","[""RgbbRgbbbbbbR   "", ""b   g       g  R"", ""b   b  RbbbgR  b"", ""b   R  b       g"", ""b      b   R   b"", ""b RbbbRR   b   b"", ""g b        g   b"", ""b b  RbbbbgRgbgR"", ""bRR  b         g"", ""bb   b RbbbR   b"", ""bb   g     g   b"", ""RbbbbR  RbgRbbbR""]"
catalog-2681,2681,Welcome in the easy puzzle,anton_s,2,67,I made the puzzle for clever beginner.,4,6,left,0,"[5, 4, 0, 0, 0]","[""RBBBR GBBBBBG"", ""B   B B     B"", ""B   B GBBBG B"", ""B   B       B"", ""B RBBBbBBBBBG"", ""B B B        "", ""B B B RBBBBBR"", ""B B B B     B"", ""B B B B   G B"", ""B RBR RBBBR B"", ""B           B"", ""RBBBBBBBBBBBR""]"
catalog-61,61,Red-Green is the code,igoro,2,413,,1,0,right,0,"[8, 0, 0, 0, 0]","[""             B"", ""ggrbgrbbgrrbrg""]"
catalog-562,562,Recursion Review,cobaltblue,2,167,first do blue; done? do stairs,6,0,right,0,"[6, 0, 0, 0, 0]","[""           g"", ""          Bg"", ""         Rb "", ""        Gr  "", ""       Bg   "", ""      Rb    "", ""bbbbbgr     ""]"
catalog-140,140,sh,sam0737,2,5364,,0,8,left,0,"[6, 0, 0, 0, 0]","[""rbbbbbbbbBBBBBBB""]"
catalog-150,150,divide by 2...,evko,3,88,...and trick on red,8,0,right,0,"[3, 4, 3, 0, 0]","[""bbbbbgbbbbb"", ""b         b"", ""b bbbgbbb b"", ""g b     b b"", ""b B brb g g"", ""b   r g b b"", ""bbgbb bgb b"", ""          b"", ""bbbbbgbbbbb""]"
catalog-158,158,Keep smilin',prudnikoff,3,99,Nothing special just fun,5,0,right,0,"[4, 4, 4, 0, 0]","[""     g     "", ""    bbb    "", ""   bb bb   "", ""  bb   bb  "", "" bb g g bb "", ""bb       bg"", ""  rbbB  bb "", ""  bb   bb  "", ""   bb bb   "", ""    bbb    "", ""     g     ""]"
catalog-176,176,Turn on star :),evko,4,22,Combine stack memory and color markup,2,13,down,1,"[10, 10, 5, 0, 0]","[""           rgggr"", ""          Bg   g"", ""      B   bg g g"", ""   B  b   brgr g"", "" B b  b   b    g"", ""BBbBbbBbbbBbbbbB""]"
catalog-304,304,Simply Connected Shape,snydej,4,11,It's not convex but all is not lost.,4,3,down,0,"[3, 5, 7, 0, 0]","[""        rrrrr "", ""       rBBBBBr"", "" rrr   rBBBBBr"", ""rBBBr  rBBBBBr"", ""rBBbBr rBBBBBr"", ""rBBBBrrrBBBBBr"", "" rBBBBBBBrrrr "", "" rBBBBBBBr    "", ""rBBBBrrBBr    "", ""rBBBr rBBBr   "", "" rrr  rBBBr   "", ""       rrr    ""]"
catalog-338,338,First Impressions,snydej,4,11,First color after red determines which way to turn,6,3,right,0,"[7, 5, 3, 0, 0]","[""     GRRGBB     "", ""     G    R     "", ""     RGGGBRRRG  "", ""BRRBBBR GRRRGBBG"", ""B     R G B  B R"", ""B       R G  R R"", ""G  bRRBGB G  R R"", ""R         GRBG G"", ""R              G"", ""R              G"", ""BGBGBGBGRRRRRRRB""]"
catalog-393,393,Square Root,snydej,3,33,Red = sqrt(Blue),0,0,down,0,"[10, 10, 5, 5, 0]","[""gBR          "", ""GBBBBRR      "", ""GBBBBBBBBBRRR"", ""GBBBBRR      "", ""GBR          "", ""GBBBBBBBBBRRR"", ""GBBBBBBBBBRRR"", ""GBR          "", ""GBR          "", ""GBBBBRR      "", ""GBBBBRR      "", ""GBBBBBBBBBRRR""]"
catalog-427,427,Parabola,snydej,4,11,,0,0,right,1,"[10, 10, 10, 5, 0]","[""gBBR          "", ""GBBBBBBR      "", ""GBBBBBBBBBB   "", ""GBBBBBBBBBBBB "", ""GBBBBBBBBBBBBB"", ""GBBBBBBBBBBBBB"", ""GBBBBBBBBBBBB "", ""GBBBBBBBBBB   "", ""GBBBBBBB      "", ""GBBB          ""]"
catalog-482,482,waterfront,alvarom,4,11,,4,15,left,5,"[10, 5, 10, 10, 0]","[""  R R         R "", ""  G G R   R   G "", ""R G G G   G R G "", ""G G G G R G G G "", ""bbbbbbbbbbbbbbbb"", ""GbGbGbGbRbGbGbGb"", "" b b b bbb b b b"", ""RbGbGbGb bGbRbGb"", ""bb b b bbb bbb b"", ""bbGbGbRbbbGbbbGb"", ""bb b bbbbbbbbb b"", ""bbRbGbbbbbbbbbRb""]"
catalog-605,605,Pong 2,ssancho,3,33,"bugfixed, hopefully...",7,6,right,0,"[4, 4, 0, 0, 0]","["" gggggggggggggg "", "" bbbbbbbbbbbbbb "", "" bbbbbbbbbbbbbb "", "" bbbbbbbbbbbbbb "", "" bbbbbbbbbbbbbb "", "" bbbbbbbbbbbbbb "", "" bbbbbbbbbbbbbBr"", ""rBbbbbbbbbbbbbBr"", ""rBbbbbbbbbbbbbBr"", ""rBbbbbbbbbbbbbb "", "" bbbbbbbbbbbbbb "", "" gggggggggggggg ""]"
catalog-782,782,binary counting - 7bits,wallacoloo,4,11,The longest I've seen is 3bits. This method is only limited by the step limit.,5,8,right,5,"[5, 10, 10, 2, 0]","[""RbbbbbbbbbbR RbR"", ""b          b b b"", ""b   Gbb    GbG b"", ""b   b B        b"", ""b  GR          b"", ""b  GbR GrbrrbrbG"", ""b    b          "", ""b GBBR  RbbbRRbR"", ""b GBBbbbG   GG b"", ""b              b"", ""b GbbbbbbbbbbbbR"", ""RbR             ""]"
catalog-803,803,Magnetic Repulsion,beaza,3,11,your polarity is red or green when you're on one; turn away from your opposite,11,1,up,0,"[10, 5, 5, 5, 0]","[""bG rb bg  bg  Rb"", ""brBbbGrb rGbBbg "", "" bb  b  rbbgr b "", ""gb bbBbgb b  bbr"", ""gRbbGbBbRbGbgbGb"", ""  b bRbbb r brbg"", ""brbGbb r g b  b "", ""rGbgbg GbbbRbbGR"", ""bbbbbRbbbbGbbbRG"", ""bRbBbb b  bb  b "", ""gbbgbgRGbBbRbbgg"", ""bbbRbbbb g b  Rb""]"
